"ibm_sentiment_analysis_id","sentiment","ibm_request_sid","tw_sid"
1,"negative","XRd941020689ec88a41c4bd0b786840f31","SM6e5577f695f8f5aa137011375ac6a91e"
2,"neutral","XRa9ba21ae44a33a2c8c55f4cbf1f23aff","SM27ebb3cd1e70952d654d86a3850abc47"
3,"neutral","XR27b0630c5c5a0a93e09321275601af97","SMcf208c5a38144d81e96e5d09f02630ce"
4,"neutral","XReba349081f2d27c1efd82aaa0c6a9113","SM3175f2996e209dc5e82b7b813728b154"
5,"positive","XR34d87f451756d1dab7787b0a7245782d","SM7ef48561922bd711271f50bb6ddffbd4"
6,"positive","XR48707988500332774f0d1dced6553583","SM6d92aa574feb581315c0c67febf336f0"
7,"negative","XR7a915130d94229fe3667ee715246991a","SM72dbe947e1328366638acc4bd640abcb"
8,"negative","XRa82243de1eca288e3a2024f5ed703701","SM2ed4ac5c51b8023c12770c1a94685de5"
9,"neutral","XRf360fb96aea4652301531ff5488f36dd","SM987d485bf73e31a7881cc7ae291c5094"
10,"neutral","XRf7a6222db58151d98ef127f7159d9db1","SM0acca56fed58126edd9b420b9aa46660"
11,"positive","XR9692398c772e7b09475b259817d1056c","SMd5ecdbf75d887868ec9c59cf89ae86e7"
12,"neutral","XRafb0cb420adfe02bcc1c0c0fdc51d567","SMa11bedd8ee005d11b93f11bed9ccedb0"
13,"positive","XR150113b9f252f93df4a3b8623a7d06a1","SM25afce9155837ed30c699f650dfd0cb1"
14,"positive","XR6cf7bfb5acfd60e60476b1acc112ac78","SM0b535cf6a15c5e0721b0e846cf3fef73"
15,"positive","XR0c271e79e7ec5f343b87f25261a5db30","SM0a614f5fb3599e387f55d0bed453db23"
16,"positive","XR80931e48e3da9d8cd161e23e3e8c5469","SMdb14b24440740e9d90a6477d7a7eeb9a"
17,"negative","XRa7f8800aaa8f1bad930c97b61775a545","SM45f5733813ca467153a2475161f74521"
18,"positive","XR5c68b111e9e6f9c6428d9d2f50c5ef9f","SM977aae71efe11ca19e4ef6fba2250868"
19,"positive","XRa64243cf69d0d749519c75a7e803070d","SM69c9d8f99e3d5a379f7adc12a9af6bec"
20,"positive","XR6705aa7e82eafb17e292d93d51e246e4","SMfd473f8f1757504eaa791459b448234a"
21,"negative","XR6db26a4bf5ce4aedb5b7a38b886eeccf","SM9bfc0b86f80aaa03ff605ffcc7226b75"
22,"neutral","XR19bf1b0935a6527f8e780bce84feacca","SM49ad7b7d01bc4313bd0df4626a3ac490"
23,"positive","XR4ababecfae93303d8786a3a580ce327c","SMd2fb9e8dc46f261520f3c2b9df9b3872"
24,"negative","XRf08ca6bc5dbba502f82a517244cabd3c","SMd96cfa891e8cde5099f8a617f24380fe"
25,"negative","XRf3150c3c627dd9f9a623690f5f5bf520","SM305c7e239967a4547ea759450a78d2b5"
26,"negative","XR3eff34ed848de0f9035283fba9a18d43","SM904a19da21a866289fb0806349fcc140"
27,"positive","XR1b6377caec487d37bbaa7a59a9bee035","SMf249183f4a1755e0ce2ea1e503705630"
28,"neutral","XRb6027994bd2ccdd130122b855ff66a09","SMc23f7933783bcd61816ca9a1dca847ff"
29,"positive","XR0cbade75695e4c18e7aa6c2c5369c8e9","SM6b745293cf0b1b6b3b3321b707b4e622"
30,"negative","XR05354bb5a63d6c99f5231996460d1786","SMb7f997ee8753040d687a2b531be07355"
31,"negative","XR9656907c0df9c3b2e4670fae3570ecdb","SMfc2a19eab07d95631627241bb9aaf107"
32,"neutral","XR550759d70e98eac864dc3c9400b380b4","SMd9b33f45e624928ef999248a1fc88bea"
33,"neutral","XRda5bc2fd2fb9f2682fc25080ec0473fd","SM3fb291238b3251ee056790a9e6bec741"
34,"positive","XR0323686500c702dc8b31286883e51d1a","SM19e04f7bb45ceaa06ce53b8b119b1239"
35,"positive","XRfe5d1b7f78cedd583e2e556c08cc5561","SMe8bab5a58c88a4d84ae9ad07e698b035"
36,"negative","XRe19976471db09bd6ad3186db794df3d0","SMb25fb7c18d276b1b0eddc31b7c7bcf88"
37,"neutral","XRea854f71ba93f34251e62608fbdbb0f6","SM6415b777105f31c35cf7fde97f0efa32"
38,"neutral","XR98cc1e461cc8fcae34c90687b17816dd","SM86964a5484d7f688d191dfc84f70fc49"
39,"negative","XRce6ba06d3a430a1454a0c71298d61f1e","SMbb007adb7ea8fc6298d1517f08a4cdca"
40,"positive","XRc625d604b9f5d13efae229b9b0170072","SMff380ff2142fe1f4a721f8343d81483b"
41,"negative","XR790a303f5bd79c0a8b3d5bf86f41bf65","SM64651068f1d34566ff81952a07276595"
42,"negative","XR6e9fd1f684fa1f7e3ecf828ab1c8ca94","SMf5a7c9314b0596c81b5de2c17207ef98"
43,"neutral","XR9fb4ca4d507e5b025879a4b299dd2e1d","SM592fccbefea1528099633fcb74d4c22a"
44,"positive","XR3f375e3eaa2a832b169deb05385c2924","SM710ce100cb0c0dbde193c80a9d1de79b"
45,"negative","XRe28c2b4ca0d12824b9049e42e0f91821","SM8bb9608963afb89cda231c2e74ace9c6"
46,"positive","XR7e373bc0be2ad0483a74123a018d3b12","SMd94c1d438dd97e800e90768d03731b89"
47,"positive","XR2ece09c1c882ee095ab48ef67456228e","SM91667c9a5e3ee52cfab2dadc040d3aca"
48,"positive","XRdbda00df45d72aceb0dac705c58bb976","SMe576abcb2070005172301f19d288c7ac"
49,"positive","XR87726725e31025cbb72fb517fe9b38d1","SM0fd4c8139dfd0e23748d7e752f4c8e41"
50,"neutral","XR47980c529ab9853d52e64910088b41f6","SMbc4bb2ff35abf0b041d31677f4cb0170"
51,"neutral","XR541a1b3189c6e127afc08966d8dc0f72","SMadaf9dadea2c4e5093074cddaa068c18"
52,"positive","XR1eb78eca6ada189990780b02fc73da59","SMae182dac42ff14d33337c3bbd2571a1b"
53,"positive","XR01dde92cc0e1725892f038ea5e1468ee","SMfd8ae133c2d1720375ebfac38279197f"
54,"negative","XR35de2649c2ce2a75ff960301e02ddc1e","SMb47523a7061775d7745c94d7347a6293"
55,"positive","XRde949a09eee6baf1d82723d3fcebb317","SM2dd9ae3f53f955ecc5590f752a5af01d"
56,"negative","XR1cdf93695de680adecd4a6c15167252d","SMea3dc94ea9590fbb89f358cbd7e7e918"
57,"positive","XR261d31314042b4d5440f9f9196a18a71","SM47b288668f481f3ff3947d45196c0222"
58,"positive","XRceb620330813ba858c3beff76e038682","SMcdfdac04e1723f9f53612c8c870060ae"
59,"neutral","XR8b9428c8dd4040e7829286fbd8cfc3d7","SM4c3f23cb0f76c50620e260c0bbfd4da6"
60,"negative","XRf6513f20f7b4848247db3d28137bc940","SMcbe2f8fe41e1c670ee8dc8d1a1b61221"
61,"negative","XRb4275d85b292e58a0250ffd8fdf08855","SM9b293500212b828a41512ec58789b707"
62,"positive","XRfdf44c2c3bf475503f35cbc76690b06d","SMce08485f9c541cac80aba7b143130a87"
63,"neutral","XRe1275539f5c3ef4a6c751070318cbc6e","SM4fb38ae5e2858c1800248bd8499ebdb7"
64,"positive","XRcc7f7e27ebfaf8065ef09b44c9848bd6","SM33bd57357c52e7b8b870abdea16b16e2"
65,"neutral","XR0d964e43279515e0ffaa5526eae28473","SM1bc091be77c11bfa1d3957c7ce4402b6"
66,"negative","XR23bd3ec7d3df1ec4fcb388c5fad7d708","SM1c0faca403a43ceb82812d657f7eb835"
67,"neutral","XRc76534ee00dfc4031490f8773bae9805","SMdfc5ba796cc6d8060ae5be93246002b7"
68,"positive","XRb6f79ac67fc5e2c99a566f41089f2004","SM1a593ce18146c875ff04497d3b44e561"
69,"positive","XR3a33bdb69d67216b9c3f1e17d2fd7d13","SM769940f8b437b03389935b3620c4f43a"
70,"neutral","XRed287e3e7fa976b8fe506d55a3e9bac4","SMbc92f0e279a2dd72ecf6ee272a683f11"
71,"negative","XRccd7f43be0d3d4cc430d274ea5e615b3","SMe8d8370eee94656215f08e9d1604f10b"
77,"positive","XRa4a3621cafcc633e577e72af0e22c675","SMe4217ba4388c894f0c3950ad2832d14d"
78,"positive","XRdf09b7b3aafc78888618556241a5c259","SM6bb71b0dbaedc27c84b8b38f129624d2"
79,"neutral","XRd25e45dcf270987983b32f8e47270c15","SMd9d3da98b7a93b11e94a7a1db6129e36"
82,"neutral","XRbf1f8ed8c0125af0760795e0c21667d2","SM8bc87d50a02cbb1609328318a59ac895"
83,"positive","XR680730c0d4bdcf61cee33a3eef655051","SM270355e2330150bf5b17b87c8b593471"
85,"negative","XR0496a65eb4c739fdc8799670f254a75e","SMf767d0696abac9c477e1991fe43a2e2b"
86,"negative","XR61b833c9794db2632c04a8be0e7f9244","SMaa3945cb0b9337db7eb6cd95f800b22d"
87,"negative","XR16210d15f926c905533b89d4a4555511","SMcdafa1da9d92e93391581b595ba5f869"
89,"negative","XRde78b4bf4c8895e42b8db49bee2f871f","SM2ff24deff80d64f1aeaa15b5fd18ffdb"
92,"negative","XR78f832484a9c86211eef422c6e204469","SMd07263e3c91eb7b0ba11eda931edfb95"
93,"negative","XR678e78c95287dbb1b66224e4d7033d88","SM58ff419411d712ce7d7b090bcb1e9ef1"
96,"positive","XRe3ba10bb1d619e92b7016c589c49e486","SM53dd828e38e8c9175060cc539466c91c"
98,"neutral","XRb529115ccc989132d8768418cec52626","SMc32aec9389b7408738bf9bcc4cde32a4"
101,"positive","XR8fe4f31224f97cf7c9ccb98dda1d3469","SMda8d8c29656a59841423c87f8bdbd41e"
103,"negative","XR01d7b539254ba1316a013d172a119c09","SM795cfe2b7ecba67612c566ad15a05328"
72,"negative","XRe3642167a74131399aed6cb88e31fc11","SM807c5edd223888c14deb096956249224"
73,"negative","XRa350197e56a876d3f21f91a709374c92","SMf9ac5cb89b2e165fdd75f5b0544c0c8a"
74,"positive","XRc0dd3d08f931005681bb104dfb09b3af","SM07d2b19b1004f3dab0a198b93d754ba8"
75,"positive","XR6adb22a539fe023ffb637b74e2c04087","SM19999fbec25024909a1fc25c82460f74"
76,"negative","XR62c2116943fcb43faade230e6d552641","SM5144c5160f73dc988a3039838e2cb4fa"
80,"negative","XR17e89eb9d53f18273fafce036b3a67a2","SMd9379953c1ea159adb03527e5db774ff"
81,"negative","XR2d83fa8538cb34738f3aef714828eb27","SM810d5ab2ee3de49a602717087dc7bd1c"
84,"positive","XR9eea254d8f0ccc97917f209c3fcc2877","SMc5b00b5fc032a8179bab713ad6b1fcd6"
88,"neutral","XR4acd5b59a8ae78ce2da6f69b18889984","SM568bfba3fbf1b7de59eb75626ea5257d"
90,"negative","XRc2ca55d053d82473d76c5e3f846220f4","SM8d1b87050e1ebe5399833a0cc831dd95"
91,"negative","XR7955ddb5688bb7e2e1fd4249d3e37890","SM27d02e0e39c65e655c3eeb9b07bee253"
94,"negative","XRb22c8df20a8c07daaaa7837223327be5","SMf37f0d2f9cf8cf334c1eea4cad1f8903"
95,"neutral","XR783deca3f04dc90e51ec4a05c62e1df0","SMa169865db01be71ef3d3181e7d106d03"
97,"positive","XR2882b7bbf97aceb7143f2b505f718fd9","SM33608dc5ff9e8d08fc56057e778e6429"
99,"neutral","XRc9964d354bed175c1b06ec146826c4f8","SMb5a0ba282b9a17df78e43a7a25fe5cbd"
100,"negative","XRbed76814dbfd4d01ac35e282a70adc24","SMa9abddbbd8df9e40c3c02cf5703416c9"
102,"negative","XR24b803b0ba59dcc82767df81dc37593c","SM297af6090f61a41c3186fc757194874a"
104,"negative","XR8885706a550a14820060ae2fa39902c8","SM3cb8636e8ebd17be7e3af40f5ee4df2e"
105,"positive","XR2dd0c7db44658d1114f230e2bebff65b","SM659d77524030d0598fa117786a357942"
106,"neutral","XRdb3239070aee9f86e90c6c5defb402f1","SM541cbd4da941454be7f0bcf3e5c59431"
107,"negative","XRebceb60924cfc088b43561646b7be7b4","SM31eb4b943b8060649446406a52abf738"
108,"neutral","XR4cacab792861879d629029113f562a3f","SMd196b53af023e135c515a78ed5fb4c2a"
109,"negative","XR5e4a4780e108be74b147e66bd4f066bd","SMf23765906843b0e094b5c8866dd12ecb"
110,"positive","XR764c995611a7bdbe369ce6823160fe39","SM1ff0d3b3305633ed4fdcaa131dd549f4"
111,"positive","XReb14dec311427226ff7142171e1cf6e2","SM4d3d2e8923e0766dfb726a3ee8eca9f1"
112,"negative","XR624a86a66fa03ffe041cd9c323e63032","SMf86bc6bf23ffb444e372b45c45dc1253"
113,"positive","XR68b8a9d2f307547247578871feef21c2","SM75e5b64107e3f62fbed8e9bbfa4c0bcf"
114,"positive","XR83fbca95204dd09c9c646eeec68959df","SM50526cdb0dcea6af89c0a1f687899d0f"
115,"negative","XRc1f1ab4cdd8fb77fadd4d546f19fb906","SMfb7dea1844edd35be57f730c38075791"
116,"positive","XR19e824dc2101f044dc18c6f2c4afac57","SM1434a1ff2b744f41d385651682fa118d"
117,"positive","XRfd99b9b97804d946e2c8451a9b0b8537","SM8edde00940bc6e61d54d985b20739649"
118,"neutral","XR7d18a4f50d44c10115ac56dc83c9b454","SM3aa46da9d30c585fd237f29708df335b"
119,"positive","XR76e6d206a1d2b77b1585316a1c2ffb68","SM7a556db2c426af22bfa84937de2e20e5"
120,"positive","XRfaaad05d2c5ba14d879f70650525a4a7","SM080db5cfc80a9af2bc687245b5901608"
121,"positive","XR0d1c5e3e4d09cb02ea64a3cb465a7c46","SM4d51cca0f685236a59128f87c0fe23bf"
122,"negative","XRf0fd8853ba24058353ea41af626a2b7f","SMcd48cf492f9ed7ca35b07d8cef908f72"
123,"positive","XR9bdf42740572488f6ce9f2d1e0b92c6e","SM3d6c3328f555d0194059b13a6d5faced"
124,"negative","XRfc8c43a4b6f6c3e38c3e2cd40b46d362","SM663d45efc966146c95ea1dc50898c018"
125,"positive","XR8763b6ec65ede634bc5bb7499bf08ebd","SMcad2fa2dede29b453a0e1c2991493eed"
126,"negative","XR1355d83a32b31320f214d682008e67ef","SMe6fffaa4181b3cb3f7b77adcbf47d1ac"
127,"negative","XRfd556258109d1d11d98046e27c1facc1","SMecdc03ebfd2a43fea46648deef6539bf"
128,"neutral","XR2536e31b9fe96b4ce90757b7fb356b5c","SM8d4caf2e517537a2901c09055e5842c4"
129,"neutral","XRa6da578a8ecefe2daed2bfa5666dfe24","SMe4ed4c3c1583004cf87dbda696d6e136"
130,"negative","XR2c637482c24b024c1d80b59ca1e823eb","SM7bf71e00973ebab442b04ebd5a4be35e"
131,"negative","XRcb15ae1b2dc5e7e3d8e9d4a1976b9129","SM02de668f11cbc38cc85c46470c2a1626"
132,"neutral","XR91293ff21ec7712592d4896f6f5c31c4","SM5a8ff76b95d6db8fba7d79b19e42ae05"
133,"negative","XR3021c26e7d6314aaf75e1b1dc7fe5aba","SM4c0c234dc6f1ba5df2fe43fc0209558e"
134,"negative","XRf6a7204e31f6bf311ca9407c52ae2f6e","SMa9006675438a2ecd2d16abfb6cf43fd7"
135,"neutral","XR65b718792f09b4143b2fe899478a2b53","SMae5d042e375c31df917fbf19a9b8cd1a"
136,"positive","XR70ba8ecaaf21bef6af66899c34e794c0","SM9f4ec5d97f96558d7d95ee98b7bd59f6"
137,"positive","XRdd0bc2dfafd648bfe3bb9c0bbf9a5130","SM97316e5f2d1a334f265bdf61e5a1f60d"
138,"positive","XR8457aff133c676492fd8bf4855cff558","SM5e1378db9dc6b6a836892f234ba1d3c1"
139,"negative","XRafbe9807cdb0c042518521aecb0fc14f","SM7b496b061615b27079413fd0523b659d"
140,"negative","XR2da99be6026aa441897648a4cdd6ad5b","SM3b3c6d45212c77ba107f9c7f968d7c91"
141,"negative","XRd6ef1dd5096e1fb1cf22191448ae46a3","SMd141c91b36d69a551cf13494958f4b2a"
142,"negative","XR7f4146944bb50a1cfa2fb43c62e5638b","SM19272c579adb0eb47ab64acc8504a850"
143,"negative","XR0b757a5d23bb0b2d66cd9f39ead48e88","SM5cf831a07e8b36912344bb5635c72c3e"
144,"negative","XRecd4779fa8851bb2e4f8e7c0314ef455","SM80227b75c5b6a8a0690c59e7a567205d"
145,"negative","XR3fc4a074e8553559856c1191e9f6d27a","SM596ebb828c72b9bc215f07908ec48c59"
146,"negative","XRc4f818ba91c1bb768c33ece7f8043d8a","SMf057031e1bc89fc0ff0c0ef9ad0a6492"
147,"negative","XRc4019b0fdaf31c976b3e294414bb207f","SMf4a73ae2bdcc2476de595332f16c74e0"
148,"negative","XR96073d4475b80709c03b30554518798d","SM1746fb8b943493251f1fbbe8b118ed84"
149,"negative","XR4b5ce79a244c10a30d9175fc8f39db2a","SM94aa3fb01d7571f53fb798cad28d67ab"
150,"neutral","XRe6807e033e2d0c0622bee3947113018a","SM1d85fbdb9cfe70035a046dc80c0a7e02"
151,"negative","XRd123331d778c8e3c6c0537a1562af0e8","SM6585a70d46b21c5645fb2639b1940a96"
152,"neutral","XR9c2ef4cb2493ce12672cccbf8ab26848","SM4bb31ceab027114a9d810f7f354ed2a5"
153,"positive","XRbf5d89fa21b8ce64d8a6060d03798fa0","SM3d85e38222414928e1036c806972b530"
154,"negative","XR17bdb1aad3530ddd7660ea273677aabd","SMe9e9b9939990387b25a1cd49dc226fe4"
155,"neutral","XRd78a2e2d6ceaccf17b9555cd06a949bf","SM919087b021c2c398ef6f90564cbcf8b9"
156,"negative","XRd9698ccb7368366ec8f46685f406a449","SM98307bae6457a66f73d4cd72ef314dee"
157,"neutral","XR4992ae84f92be4392139fafb5865271b","SM9a6fa890f1e6b3c9590dc0b3531e3c9c"
159,"positive","XRa2f3732183fef2017fd754b73572ce5e","SM319eb88d9cf30309460ba37a6574e24f"
160,"neutral","XR65cb9eda7bb768fad5e5f8a64009480d","SM14e1c0c0d02bdaba09f01b16d3dc40bf"
158,"positive","XR8c1b96b38a36d14ce0e2315772d3f50e","SM5689733a234e58bbf07c376caf8a858a"
161,"positive","XR67e7b9311840108d0ae451706a1608dd","SM8239f2cc626520c0277c31b9d3dbd27c"
162,"positive","XR9af0c487abb2fbc854e849c5032e579e","SMf57c1096b3e371f0ab011dca276144db"
163,"positive","XRf88bf2a75c90ad6271a239546157e736","SM6c14b11f5d7b74c300a3b6cff593faa4"
164,"positive","XRe025eaeb98c459c1dbb814b92c5d196a","SMa5eaf7faa896195891f5dd576298e6c1"
165,"positive","XRb3d9e6b5ad05b03220c3aa49b16690ea","SMcbd9b0ef8d8e2afb30bf12be6c30708e"
166,"positive","XR951ee4f11dbcc701f08596168855d0fc","SM688c1db3fc41028a1dc0cbc7fd3a2b0c"
167,"neutral","XRda712a2ebb1a8fd8d14ac484a6e469bd","SM0505d84278ca5504ce0b0e9f9f78caa6"
168,"positive","XR729ba98a3e23b17184a9fcbab9e6035f","SMe91ea366e55c2ae0e7d4a3082043e90f"
169,"positive","XRd9788d44899b0af7ad9306bf2055b570","SM292cef368dcd12b1ce987af13e00fd30"
170,"positive","XRf284f682b3b0f22418b2e2f22e2422f6","SM19b24eab1316869ea3e517c0b6d2d806"
171,"positive","XR475f3bfa9b7d99986dd1cdb7782636a3","SMccab8b0326abcc9792e21acc0cac8a59"
172,"negative","XRb4ae70d4fb897be121e7b11e9500e863","SMe0babe2a9c8dd66306ab06a8a5dcf1ec"
173,"neutral","XRe4163b96b1c5d81f96300963ba3d2768","SM9ba4e3f023359e1a375bbf49849a7e21"
174,"positive","XRbb2e7af4513d1aea57dd2a83739cff75","SM927ddb92c2d5c822fba9e9f11cb734fd"
175,"neutral","XRb2630f9fd0bdefbc57e31e9de04419b0","SMbf058261f5c9d344d6cc404b2d096127"
176,"positive","XR05d265b68bc2410c9ef4a75ee504ebfe","SMbc7326d1eaa726c84fa1b1282f18d113"
177,"negative","XR26c165148f448b76379b242ede492c34","SM7ff9714d457f95cfcdc03e0d2efe77ff"
178,"negative","XR9496432224a5e99cb2f4caf124710246","SM85bc2f3935f3c5d38d9cee28e3274f2d"
179,"positive","XR6156a363eeecd1e3693656e0167fd57c","SM570bda4a6c0ace44c54702c0cf50bc28"
180,"positive","XRee0a999edfec909905d93c213951e5f6","SM24166ae381d9ee3089c1450042ce6d75"
181,"negative","XR2199060249c19826aae1cab1dbeb4887","SMbc0d392e8a510ac731f2e5971532faac"
182,"negative","XRb2052c747e191b0a2172dd5ef2470863","SM2d31e31e484b4827834c49a099f8687d"
183,"negative","XR2d68cc4148f906b9992aa3bee49ba4a4","SMc204480bab13b3c1f2d7ff24abc3c76f"
184,"neutral","XRcfa24c44f07af3d61706e808760df77f","SMd0be6c7d60e3e275d64163c58d4b0426"
185,"positive","XReaec0392be3541dbbcc488638c00b11d","SMf58fa9915a651cfd0913719abfb28bcd"
186,"negative","XR7f4c225653cf70200a9ba5ff39cc1b55","SM535832e748eba5c27cd00420d50608c6"
187,"positive","XRfd7171ea6cbe85a282fe137722c601b7","SM6fe52cf634e9719c94a6c7ca4fff6069"
188,"negative","XRae2ac36126e9486a83fa1f4ce5c274c4","SMe4050a0c8d06f13f8411aff58bb3e1d2"
189,"negative","XRe80d764d3090aa16008fd31c17832061","SM800d4953e897bdf4c8f28117b104d58e"
190,"positive","XR85bc4e2e9b850225c32ef44d5b5e1aa6","SMa830eb010759387e400101c06f3e576f"
191,"positive","XR6cf726635c672bd27cf0a7b101b5503f","SMe096b08b9b6222d3ddec0f9092f82d4b"
192,"negative","XR758006a0e902e7c1921a993d4f612aa3","SM2c15e507b65e8101a20be47795a29884"
193,"negative","XRe2400e363df5a6fe3b6b3cc457ebd3a1","SM64dd6af841e4c951e79267602f5ed7eb"
194,"negative","XR1aaec477c1c7856bd503c2b8fb0b44d5","SMc30fd72540bccd2e485835f1e355f27d"
195,"positive","XR6e6f854bf5b4c703f212e62bdc10cf15","SM716e30613be8f621219109b61190680c"
196,"neutral","XR9123390d537e6fe28647946091de8929","SMbd1778da9e59b8560ea0b4689a6a71f8"
197,"neutral","XR27f3a670f3f17ebc0c2e426fecd7e407","SM6f7b89c4c301dc7aa967d5341f2d7e6d"
198,"negative","XR83a71f35bab02dc4ad2f7db052bb55b7","SM1b6850747714fd208e5b184f052f6da4"
199,"neutral","XR3a1c1f9f34137c8c64585352779a2f59","SM73ebe3d20af7738cae955cdc03d5ee0f"
200,"neutral","XR4b489713c45953a36aef86b333fc9284","SM06c0c011fc6ff37d1c0a98ed2b4cfd06"
201,"positive","XR5d813bddfc6ac28c3f1f2c514c4592ef","SMd5010dcf56048667b49c637ff08778ab"
202,"positive","XRe3da6b4fac1811b0568cb2c34a241064","SMfcdcb6820306c4503dacd466b916f47c"
203,"neutral","XR2bd17b9c6928d20e41c8eaac742fae6f","SM729add45bb6f2dacdaf15dfb4df73840"
204,"positive","XR2223fbc471c2454400ebb7702479fa68","SMc5c17c809314a2b87853a59724e4d5f4"
205,"negative","XR251d893e5d897b6ae9f324291abd91c3","SM360c84acfce9c85767285aa8fe2b415f"
206,"negative","XR2c0ce81a040a7d23c1a9f456058c017e","SM9d545f76c87ccb054e6d76ffd788fc29"
207,"neutral","XR9c01a65f5c2712a0e2cb5ff5c6cd2d1b","SM6db0fc9b6a40599e27b693e9b5239a88"
208,"positive","XRf3157e481d25c4ca60ab2ada57b3d668","SMa9bf566262d6f080cd333c4f742c070a"
209,"neutral","XRac61b6df2b4fe9714f7d0a043797802f","SMa56270e437637573bd2c9899365c60b5"
210,"negative","XR298a7ff1cae40263dc902f384c59c6b3","SM13f05d67777c6a1731b104a4c1a2a6c4"
211,"positive","XR37353ea606d21cd1714d48506de85c5a","SM71a2bd0b90926bddbdcf017225c383dc"
212,"positive","XR710a61bca5215d9a8cbe03ad357066ef","SMf8be4becd6052892b3d39e9badb803c6"
213,"negative","XR78856e749bf24ff8b38c54632d0da07d","SMe9a9a0b19869c3fb8a6579c200d5138b"
214,"neutral","XRaa4e64b2aecff810661b1309125585f8","SMfc26982d96c8493482ed9869cb851ffe"
215,"negative","XR13cac73b8ccde953a89245744eab4036","SM22d7a342de8fb8a28a189e11619c4a07"
216,"negative","XR6ed8c419ec09a12bf96a30250445048b","SM18a371128eb67dc44fe5a5378f96320e"
217,"positive","XR2258122781d49aea44fb5e59f7592a59","SM22dc443570ce5ae5f9be03397b99810a"
218,"positive","XR9cce7e2129148ce810e12b25b4909ccf","SM12ce1ea1eb69727663ba9377017684ea"
219,"negative","XRd1c3af45e2834313b211f7a9ca0bc6c9","SM3e536b4d8fc23336994c1a6ebbcaf2b5"
220,"neutral","XRf5bf40dab416275ad8f8f6c6743d80ac","SM38214b4ca80d805d9fc3e7cff47a750b"
221,"positive","XRb0b2f8fb29f5633ae837145085d35ecd","SM9a3ca55344b011508a61b75d99bd56f1"
222,"neutral","XR6425a1d098cb6b42ae94067731449f02","SMe672260b1f19b70de4188eee555d8423"
223,"positive","XR23d8ad6695e25a9644f3155607573c49","SM36f43c433324aa43b046cc1b457b509f"
224,"neutral","XR24f6524074d4b23cdf890243db277604","SM684c1dc3019e6b2678e9706a4f91c891"
225,"negative","XRc14d427f4221cb28b6e0cd3961f987ec","SM06018691ad03a15fc11d3d1b3cf9f6fc"
226,"neutral","XR5a7619b952a6d9b295e4243ed5f029f8","SM5cd8ea3fc0b017106464cb52c1a970c8"
227,"negative","XR913cfccfa913324c2f5a8927a49cc7ca","SMecbec6e4b77450d09aada44bf6f58f0d"
228,"positive","XR39060ac3695ca9bff541288bb52b1aec","SM677896a825e2d0d55857d53fd6fbeeee"
229,"neutral","XRbaf9c47c23070673c9a160757690fb62","SMa687de9db0119974cb89950d7b1e97b3"
230,"neutral","XR27ff9e8b947f0f21dabce66537afe8fb","SM83cbed90d8261802fd5037e92d7ca1bf"
232,"neutral","XR3c706676ec5db6b1442305b3686298f2","SM964ed8901fa93c681ee43cea51d28064"
234,"neutral","XRe5932708c5c908f5580513e54fe7f7cf","SM4bfa617a4acce396240f75e67239a876"
238,"negative","XR4df26258db4dd2f2f722cea2581d7efc","SM30043bd4553d9b2e4b40e9a740736e42"
240,"negative","XR142575dec32bd675b6ec4cdf2ad20c12","SM6c074b79089fb70a6a6383b6e806bf98"
242,"positive","XRad9302948ae9ec6cde6e15cb6847a695","SM429617af055f8bb2d8387f87833e80fb"
243,"negative","XR838425080c86755db591e26fd3c43314","SM2ccef5eb4994a5fa783bc036e4c87061"
244,"negative","XR2cfe7f4701dc8e09e20d9ff03d40c515","SM96d66c82c7043fb7706d5c2c9e5728e8"
245,"neutral","XR2350a7bad0acbcbed9ed258da4791c48","SM49a44f654a15e74b09f751cfdd23fa53"
250,"negative","XR2446873ad12d2965237be8e8692dcb27","SM598f552ddc7c7f4315a3cc7a6f6b41cb"
252,"positive","XRda7efe853ee73790eae018480f506cf8","SM5e8fc07a0134f9468843eb0a262c6113"
255,"negative","XR1a38119aa22946219196648cd58a486c","SM536f23c60ded2e075832aefe0cc84e9f"
258,"negative","XRd82e3948a6aa57b4aa58aeae8fa3503d","SM49ef4f4329bce5daf4950cd4a21fc84b"
259,"negative","XRbce4a8e90b523f9bcfede8609be15526","SM2c4b709595b597060bfe266037f4e1a5"
261,"negative","XR2a53418b9c15eef39a557232e2ae3518","SM0594bf44a6a28ad9b3beef4795043aaf"
264,"negative","XRf26521dc20dab4a1af25ecda1e232d5e","SMdb5e5803b7c3a1539a61d3f99b622fd6"
265,"negative","XR1da624edb8cda04fa99b3be5176b67cd","SM9586b54b5fb1073e02777da1c86492b3"
266,"negative","XR70960effe114c1b7577dc2a83717a614","SMd1348f0eaeb249f9daa397cd04da399f"
231,"negative","XR0a411965f304d8a8ea08ec6ddc038e31","SMeff2e30ae70bd4f80583f92038f48888"
233,"positive","XRbea1ddba9be4a2356f2b39308f617d80","SMf07ea5be94726094f2d591d8086f3972"
235,"negative","XR86aae5acf2d6a73a5e7d069575d9e25d","SM652f9ecb3a2fbe2fe647ec529c1e0307"
236,"negative","XRd4fb8cbdb0f8c0c00321236da62c961d","SM537a58ec2458418d59a819e9958b03ad"
237,"negative","XR103067676dec97f7f557f75a0bdda1ca","SM3f597ebacebfd8d14194b941a4c93360"
239,"positive","XRc02ae8ad630d2c6fc51e2602abf57f42","SM966082b49e6830a3dcc5d0f360e5753c"
241,"negative","XR926acd53bfd7381ba0e6ad12d28ea102","SM9ebe7a2bbe46898e6d3157d345573520"
246,"negative","XR8d9101a877fae8dcebfc09089aa6f4cb","SM81786b56cbebf0e5d266aa6b94153de9"
247,"positive","XRafeeaf3546f1e969dc1a9ad25b84e66e","SM52f9908254160bb2cf7a8b4e38a3e416"
248,"neutral","XRade15561b5467734615dc658086847b9","SMd53953b7d7d27a4fca80c3b2da30fce7"
249,"negative","XR13c8bca3b8a89dc84a2ae2f1db56f547","SMe5a98eac2b332766511cbd58e3fd7551"
251,"positive","XR6e5e1f2e2e93b836878c17a6dd9ba0ad","SM82113455d056ce9649e690fd7df70780"
253,"positive","XRadff20616995aa13feb86edd0679c1dc","SMb6166649cd00e6f7392f3b793171996f"
254,"positive","XR9445fc34e76ce647bbcf1037bc7fcfa1","SM94d8045b09022c49ed2a73d6340ecffa"
256,"neutral","XRa7df9d28d195683df116837b9cb3df33","SM5c10e947f3305415be20d0d4ffc0ebc2"
257,"positive","XR3480f37d1999fd42de1e8f4b89255730","SM35500fc8691f45f17bf320c12e11401f"
260,"negative","XR25eb9cd2a254bdc94f4ae0fa1d222d3f","SM203b1cd0b9d96e9a4a42e8f6e5e31874"
262,"positive","XR4eaf0026f8a7959bf5f0d10d378e0423","SM796ce3cb464a198d31e7c185f31229b6"
263,"positive","XR4b607ac1625531dc9b408c413752c385","SM7db53ffa42c23497083df716ffec0037"
267,"positive","XR683264fd172fc5e644f545ea0cf497e2","SM2a6b3a9b79d04900fcfd5a8f923c03ce"
268,"negative","XR99c36c90bfe49aaf019e32c20c18a576","SM13bcadb5c612f73bde4314a22a95ee8a"
269,"positive","XRac7d7e1caf22c7fb3f774a509889ac21","SMba9675bcde8f13dae92f52c05d49fa0d"
270,"positive","XR51c406d550dac791ef3d7da49dbd1008","SM6a22b491fd5537bdaad36532b42c6c38"
271,"negative","XR2c49c10eb0afdd81ee5322d90e9064d4","SMfb32467411906590e60ca7e750103a95"
272,"positive","XR5d98f72d1a8780bbb10cd8287f37c3e4","SMe0d058c65dc136cf5fc6ff8d2d5f355c"
273,"negative","XRd5a06f77d785436bd2fcfd9e2066eb18","SM898b44886eec28cdacfdce91395441d1"
274,"negative","XRfbfeed82fc4e54d9b357edef4f517ea7","SM482e225811c034d8d2e7bc083bb5db72"
275,"negative","XR6b6836bd944bb4e3f1ddf56104fd6613","SMf19f724435cde75682bef1457885591f"
276,"positive","XR281c2287d92f0ecba2d82a888403de4e","SM6e9208b30d9b858d281c94162ac2d2e1"
277,"neutral","XR5a99e0cf049ff8741d25c45518f1f64b","SM14d03401e72370d0bb87f84b0e05ae88"
278,"neutral","XRb7d6863cb9853cd4ed650f56f22240d7","SM12613673e3c7db1c65a99f53668da5ee"
279,"negative","XR30154cee074011828050fd3eb88cfd4e","SM1934205269eb017f1b6c50b93b44273b"
280,"positive","XRb4013bef61037465d1bfd7722f81cd19","SM323cdc199d6ad2412d47691c018e41f1"
281,"positive","XRbe5366ac91cc15080c1e15c27921c5b3","SMbc5715feabe26f9cc42d5b36675e27b2"
282,"positive","XR81f902e823b77d39b678d4b9394aa058","SM6887596caec974bd4d1226347ff84e29"
283,"negative","XR66e905d2cfa92c74e6a60bf87f3b4ad6","SMf8cbda326816d067ee6bcaa69bd76bae"
284,"negative","XR46e7af9235cacf85dec55fc50bc1ab69","SM07837e0b00e29225cc8b16131adb5c34"
285,"neutral","XR9125c3520c712e322c7e51024ba012b0","SMc3e4cf1ffad8f0da1f1d013c93b2e238"
286,"positive","XR342b561ad052abc19e96535a7937e624","SM536a194fb989b5c7f28aec9d2fbf455c"
287,"positive","XRe6bb95142409703426f1cae3a8775680","SMf26fec9b74219bfece2372540500a823"
288,"positive","XR3c274043a7d7b5f9ee167f8a444467d7","SMc889ea1781d4ce4527f492125bf245aa"
289,"negative","XRcbce54e63e0b2b4da54547b10b412b8c","SMb29b81f402b7c385e85b2a5acdd909ba"
290,"positive","XR5855e5ff9d642e798313b6c495e1fe24","SMb3841db12cdf0a0051d0dbc7a56406a9"
291,"neutral","XRbda76829d096d836840b808b25d0fd0f","SM0409c65bf8977e6ca47e7b489cd6e367"
292,"positive","XRd05d7a28d0b31044b861251d900303f9","SM5bd1a5a47306e2d88817bbd394acded4"
293,"negative","XRc195172af15b38dadb9677c71a5d47ac","SM5084a3d45dbe85dca3cf82a9b07d873c"
294,"neutral","XR054ad8598edf9e3c0bf9ef1a6c6797ec","SM69b0b54ee07db94d28ab6e1ecf2c4ea4"
295,"neutral","XR022422548d4280e01f8b3736b3dbb719","SMb00b75eb9a8b6f374926f37866b92049"
296,"positive","XR07ae0b87f7c320aadfa471014c0068f5","SMa19dfa64c5f24833a4d19f50b827b9ce"
297,"negative","XR494c9f5b6790478b46ee4a3448caeb0a","SM7e16e17557cdc01a6d4df2704ddfbcee"
298,"neutral","XR551f8d269041a38a803b0561050e0709","SM1a6a061b192796f1e0d4d0b19e138b16"
299,"positive","XRd25294542458c0f24939fb9f92fd1347","SM3191cc56acfe924cd66df5d79c83dcc2"
300,"negative","XR7e8827328bdc5db7cfb20fd8d79af59a","SMab4c54fd6e506d9de4997cabdc7bb513"
301,"negative","XR50f5896b7f67b6e59e32b1e004df96f0","SMb14824d977f8da69e0534811b5ea8d8c"
302,"neutral","XR42ede86a0a89047b2e0b09c3fa8d50e0","SM1e5cfc96c88ea92cc5f6b3bb1e9be4da"
303,"neutral","XR76dee375c6ca4db8df62f50dc81ca78f","SMc92671f28edbd7c32e8cd28524770079"
304,"neutral","XRaa65fd4e778834553c54503c608363a6","SM8c555d43dbd11c236fe7ede305af6ae1"
305,"positive","XRa44ea930ffa7ef38f05b2e2517b9207d","SM5bddbc1813faf928367496778defd709"
306,"positive","XR45d9aaa7e72c3d7edf1e0787d343eba6","SM945fe03e34fc3c87aa48d5f72eafbc30"
307,"neutral","XR77ba3a2f2702a9570cabc7ea1593fbdf","SMf1fb5cddcfe3471862bc2e2722152413"
308,"positive","XR0da45523e855feebdf1e0b11f55493b6","SM334138a27c0b98ae8c105225a2d0a7e5"
309,"positive","XRfdc487dc58cd54cc8d55515f272eb984","SM4c7ecc553dbe6bacb8f1da5b04446587"
310,"positive","XRbd7e1da92723b0a2bdbfb3f75ac3897a","SMd83571bc8914c778c324abba6365867d"
311,"positive","XR1378c36b11a9d1f880d34cc5bbd3c45b","SM1f0ae84f518d14cb52cf48fb1411b73c"
312,"negative","XR973c9bb6fb0f4afea978175d88947c0e","SM9fa96de59c84ddb5385e564820b3e0be"
313,"negative","XRf5ea2e71971987fd20ebde473906e902","SM09fff5787270073940981843d5936e0b"
314,"positive","XR7017dc4caf4a5c4f8d2b67e6bad075d4","SM626d8a39f5a9f505f8e3c5e33f819636"
315,"negative","XRbf44363668a73ff239d4288e99a3c2c1","SM709bfbc85f530d5b61e69c3ddb5274bf"
316,"positive","XRac02b2f250fd1cb8770c95d03ce60d26","SMdac121443891e38e43a0a28e700f8db9"
317,"negative","XRb257f9b2240750c9fc0677e423fc2c33","SMd946bf44eaa71438efdc248749a92b2f"
318,"negative","XR6519d976a100be4d458f0c47bf66684c","SM115405a10f7b8e0461655d35a9e2d5e8"
322,"neutral","XR0861172a4be1238bc4fe0a0cc7733f17","SMc21d407852cdccbfd67c0990a6ffa093"
324,"positive","XR67812a4e67372097e104df46f556ed29","SMfd785f14edf9289aae66197d29744d9b"
325,"positive","XR48a30dbc0e2eb3cf3021f88c70617599","SM280fbfc28bff879dbd165b5820e3b021"
326,"negative","XRc13ca127aa834469523a8317be16e696","SM6f19d4721cca05b874291a0f01af2d4f"
329,"negative","XRde9cee8334dc446e2f56a855f06e9680","SM6d2e547ac25e063a711c4fe046e32b1d"
331,"negative","XRa71ffd5c58148aa303c5ad1886ad2290","SMd28b8263a2d83361005e31197a7970a5"
333,"neutral","XR4624c15bcc6c8250bd9c6edd1cc1e5fb","SM115332f6b59e6ef0f05eb608f8284edb"
335,"positive","XR7ea79bca9f77cf416a6946a77c8633f7","SMb6cbeacd3afd79556f4783169962e1a2"
337,"negative","XR1b08feb84510c863480297896333e0b1","SM4803c8f94aba6a277d0497656ab34bb7"
338,"neutral","XR0ebb54a9e9e6d7d2f4da53971ce5b8c0","SM4f7b711117665e8406cf90e93a03d7b4"
340,"neutral","XR589f93f3998033f7ddebd0729902ebbb","SMc2da9745f619387dac6900a2a6df6745"
343,"neutral","XR3cfc6a6ee90c801030072f3ae2e579aa","SM084f6deb2a9a1b5f4498d079a930d4c6"
319,"negative","XRf4a5fced9bdcf6b862884ccd0b799fc5","SM3e700c4550d1907d5b8188c3e560df4c"
320,"positive","XRad45cb2791b88ef9ea4be52e66328c3f","SMcd6453c2424a0d24fdc7d760d1f65f66"
321,"positive","XRa383e15ec5cab435f0f82091690d31ee","SMfa99fa47386570f3adb54d264cc9499e"
323,"negative","XRdbf40122e09bea601f94399550e0491b","SM08bc5bddf4376aecd0017e65ecfdd8ed"
327,"negative","XR444e5e10178313d8f866f15e67dde114","SMebc1f8ae1c72bd566a40ac77a0817394"
328,"positive","XR27788534f402dce13d9cebdee9b49a23","SMee45309f6f22ccafd40440f1798c50db"
330,"positive","XR6bdf80ae15de9f263b33f6cafc3be527","SM24369f483341a3b6c48374de5542331c"
332,"negative","XRf090037a16e79765ac7d936af092aa02","SM761cc38b2b3f1f45b2318ac8ec831c07"
334,"neutral","XRda1674f621f131ea1b83895082951419","SMca09b10a8fe0f51f2e7085e5be7a6e91"
336,"positive","XRdd75cdc9989f95b7b1a0ea938752b8b1","SM08f0ef5070a8276f3cc5765367879b6e"
339,"positive","XR6f1683541ac7d697ec87282ea1473ac4","SM2ca6c12be9fd051db8bdfb6465ef1907"
341,"positive","XRc6d33fbef5f7e04cca597f61e7507421","SMb4c981fa40f12f9fa277b2ac8c9dcaeb"
342,"positive","XRf50904494f5f8e772bc7e0a6165235ce","SMeb19fb741f087d3e89c3a6a3479f1ad6"
344,"neutral","XR48f5c0d7206c98fcddaf936f541541d5","SM984078ed3612b612b999b63f3348460b"
345,"positive","XRadf2068b604c55f6c3ab89986d08d964","SMef518dea796dba75967dc71ff8a59bb1"
346,"positive","XRc690c0a0d53e1e4bd41a231fcb7aae49","SMd2a990cfb9f3c9bc2796d5d9ea85ad59"
347,"negative","XR6e5a411659a72345dc9af7805f131b9a","SM2d21fc46e7504c088b433c6267df10b9"
348,"negative","XR71b2ce904d411bda0e39eb14ad5afd77","SMddc63c93a9e03949ad8a188e2409aa04"
349,"positive","XRb10cad6380d404cdc8e23a9cecf505c5","SMe0adcab546f2013d1bf3a25c58df5680"
350,"neutral","XR44fe062ade7f298bbbbcbcbb7ea575f8","SMbb64ab8a48066c70c2c58eb8faaea2ee"
351,"positive","XRb5be7dac47f417c98b249aceb0850575","SMa273d8dfa7075a80160c2eaf8fd64c06"
352,"neutral","XR62407981c8c874df0b0445ae25ee4fb2","SM6a547ab0373ab650e5a3c6575d0ec08e"
353,"neutral","XR9cb0502a5c783266a50293f55a8886bd","SM8a895db7e2a5b810c330fd59e28c2b40"
354,"negative","XR49bc67792878bdf43dbb1a46bf98f111","SMd64065b9964d51efa6ebbb3a7e778d1a"
355,"neutral","XRf9e588c058dc9d7b337df66194224680","SM69eb1309ddf79f917951409b3966acc4"
356,"neutral","XR47a1b1d291456bdd5eb4287b314402a4","SMc850acce8a952246fe20c92e8b25781e"
357,"neutral","XR4f78876a0b292768a1264afaaf09d580","SMc244c866de295498dc1f66ed97966e7d"
358,"positive","XRe54128cfb78de8cdb70e7d5e8c369103","SMfc68f1c0491c9613ebfd7df364c610ff"
359,"neutral","XR5ffd5a371f4d87bbc39a1dfa10fdb72c","SMcac70f76f2e19cc99a018bb91bb8c99c"
360,"neutral","XR71ed3ad39e8acb1ee8460eb16f739227","SM2527fd13db9a470c24ab705fc8c184f9"
361,"neutral","XR72e5cf73b1df5b9d272bc6e870618b33","SM27497960db45069b03728f6e319d9ea8"
362,"negative","XR98b0c1789d8677b4e8f9e7d5e1d1f8dd","SMff5a577b33d01398155cbe5e6bd3fed4"
363,"positive","XRc31e024fbcf81da1a8a0f683053eb0a6","SM87c7f39c02fcc8905ea72d84ab0a9039"
364,"negative","XR146e070025661fa0dc118e76c8175e12","SM324a97953614ee7659c6a1601779181f"
365,"neutral","XRf0b9263b8a38ac3f457e97ede29f2f73","SM5ee7bbf928eb81b6ffebc16a84af8d2b"
366,"neutral","XR345d90fa540ca27b13ade3c3ac0559fd","SM167b7b7026a501d968f487af1150ed83"
367,"positive","XR3d726dfc0ff6df2fc9deba6b20b5aa05","SMdf699106efa63fcc1c89c9b957042967"
368,"neutral","XR75c6da4069304c17daaa9670a2d78980","SM971c96e23536245bca12f0205268ed29"
369,"positive","XR5d9e58d650c5369938455f8ec75e122f","SMdd1621e333a488244ca173c6ff444a97"
370,"negative","XR80bbd536b875426564fcc0457707b666","SM3d38a5b57ff948bd3dcef89d229580f1"
371,"positive","XRe71a515243a23b18a0c44851afe09d0d","SM1e8b05f373fb052975c864eb04c56a90"
372,"positive","XR84b0838ffa43e64983e27eb55fc12e75","SMb43869391c7bce3f0a5974454a536546"
373,"positive","XR38cbe1866e942110423e4a423d9e4feb","SM04b81cd6c25ff158874f1cd7e19d4bb3"
374,"negative","XRbd6442cf217db5c14837b3e7f29fbc05","SM0eb2c4098c1529e8b1b47b72e5c92a04"
375,"positive","XR55b3cc15288ef8b7faa501d2f7a5e92b","SM89efb464236913418f9a7e7de314a14c"
376,"negative","XR3b957c5059c0e05a2bce870c229c31f5","SMc4c82d190e00fa0ba1c7cce12721ca6b"
377,"positive","XR9a260a9ef7ee3a83a52dc589b7d810a1","SM0bfd74e21d3b4876e2d594e9e744668c"
378,"positive","XRbc6791a2cdf64d87038167147e986d2c","SM8904dcdda7a5357ed4dde81f99d3e4d8"
379,"negative","XR7347a1d5cdc6e6b0c1d520e8be0107a1","SMcdacfc4438233879481d8bb714e65633"
380,"positive","XR55620fade15baddaa841ac155be0f480","SM1c0368951101c89884a39c617ecec48c"
381,"negative","XRfb02bef51bfe792550012c42dbfcc321","SMda2d65ea29142283de7470351060ad21"
382,"negative","XRd3f493c2c3ce0d2622d8f24d291dbae6","SM07b0b97643923e00ae0d0886e682cba8"
383,"positive","XRfc7d8ee46496ac0e3f1bb55aa4e21788","SM1b6a8f93c05ff0bc5619713b1589e6a5"
384,"positive","XRf5a8143cf3ef4254ee1e966beb9287f2","SM6e86e63d3b96ccd7eaa08e18d8008abc"
385,"negative","XR212fdb1089dbad82785d8a6833271ff1","SM0985b09a773ffeaf598bfee678a68b2f"
386,"negative","XR06b73d898ba03565c322ddcc77e7d12d","SM4a3be8ccd31ee35456abcde68df9a210"
387,"positive","XR07b0d4f508ec7ccf38029cba8bb7b57e","SM6e66b3a8ebb4ce147eda4aa43f8d9fa0"
388,"neutral","XRbb7c323992e8211e196b8a9fff416853","SM166ab66e1f312fddcc29764d027e98cc"
389,"positive","XR2857f5e384742efc85f93bd3a4685930","SM2ff801bf634d919d5784db4a59a659ff"
390,"negative","XR3371c6d6840569e0f17e9e228523c31f","SMd662f85f0c51af2b3567ab22a383672d"
391,"positive","XR20f703ca3fc6de08aedcaa2439481a4c","SMfe4ee38096ecb4686ae4e32b7340cddf"
392,"positive","XRb43c5ad09e516e27ea9683f8fc964ee0","SMfa405ad977501f6ae9fbd27dfa334ef9"
393,"negative","XRd78b3597fda6cd65b4766b2a999cdd34","SMae30fb3d7907b78501858bcf8c85be08"
394,"negative","XR951325564ac8cdc5cf7565bb1e64d162","SM6f9d5ebb1168d69751cd269c0a832874"
395,"positive","XR606c9f7c79509ec0d5c2c01674cc20e8","SM208174b8edd72202d439d9a4552c6d68"
396,"neutral","XR5262bb03db32dc746f7723ff53608d31","SM7729a88156765c7fd5ad92fd41604620"
397,"positive","XR2e65bcf4d43b6d231011bd4de16c4756","SM8313c32f00491b6dc231cfffca920821"
398,"neutral","XRa0fad7531c2903da88decf21cef5ed1a","SMd856258ba2cad0772bcf984b443ee178"
399,"negative","XR93cd81c5f44d6d213706e6bf337ebc26","SM40e16a85c155460c9ede56ec3192803b"
400,"positive","XR8c0e8a623a1a7b5060387c6c2e492565","SMe4ff176a0e6412783d30a5b3df0f16f9"
401,"positive","XR274759b4070cca009012b95a29c0e61e","SM8badbe3525aa0557f04f364bed41461f"
403,"positive","XR1f5f9aa68ee60cbf9d660671f92313cf","SM02662a83b3ba4fbf814de00644014b7d"
406,"negative","XRdf116c2589356cbbfc1f512181de2e1b","SM381dac0f3137b9a46068b23559203e03"
408,"neutral","XRcb326ef33ca05b840e2abb637dd3d966","SM174dde2cd5f7b439cfb93272f57d7a48"
411,"positive","XRcb3576578e52465a8c4b73cd8918d7d7","SMafb5a6082623a119a9d9b4fa269696f8"
412,"positive","XR3abfbe56c98bddbb339e8c0e97cf10fe","SM72e539bb5b81d433fd536942f4f6d7c3"
413,"negative","XR2ef8a85b66c0e1f046da7ae22eb3e1d7","SM100ee0c21a7b84a016f366ca5dc40055"
402,"positive","XR80f7bb0a3be5090e3ce458341bc419ff","SM2049e6033c2e321e7b29096368061879"
404,"negative","XR1fd7edeab1b555a1a2fad3d72fb87674","SMc9e85adf0551393f47ac32bfbfb90599"
405,"neutral","XR8d7d003ec5ca4b5a960995b82f30422f","SMfdb1cac6d984b7cd03530f472fd1e325"
407,"positive","XRacdbc5ecc26a61d9bf08686f81d8cf17","SMd724483a60c809898571a2ae0c3c1ebe"
409,"positive","XR32a8cbd1c777db6f4f9e6da78f430268","SM040834af5f8935565f0668a9ad5a721e"
410,"positive","XRfbcc4db9b914b59a6fed70d6a9ab968e","SMcdd7b292cf3fee8ea94a10879a1a79ec"
414,"neutral","XR4b3d97be0ee5e0cac7611e9a487c9040","SMfba1b85a36e49b17f3b9237a841a1d78"
415,"negative","XR6e1459eb3222f5e81f44872fd38acf63","SM22a43a82ff09ee136ae90048c842c1b4"
416,"negative","XR0859775d61527fcdde77f32599331b0a","SMcceaf8ba8146a1d8905a50067c53c600"
417,"positive","XR39385db52b0d7a157875cf0b2991cf48","SMe55ead194b8beac0b338f8473a64833a"
418,"positive","XRe50336917581ef0a67c858c9af5f6352","SMe8d454819d307cec6ffc17f3606d565e"
419,"neutral","XR76bdd37b0391d1b0d981f93f66e9368a","SM8a7d3004f62880af11853eb21fe00ca4"
420,"positive","XR67fe8f0fb2565d8df446fb811cee29e6","SMf785e14ebedadd283ea8598a51b0daf9"
421,"positive","XRb476e51f1d09de5a3996fb7b4e692637","SM2fb94613913ee65bca2d78ad208d369f"
422,"positive","XR04bee60d124424921b5e5fd01d8e07d8","SM8f43eda1c7229466fb82e65d265598e3"
423,"negative","XRfabc0903bebfc39c3cb63d4290a03905","SM63bd8f00385a3bc15e8734dda22b5577"
424,"neutral","XRc754da012c9ca6b9f007f7e85644a10c","SMbdadfbe43992b1bc65b1b9d3843c7f98"
425,"positive","XR3ff4a0dbc58a37a5f3fb9175792dc661","SM506ba1aafe852c5d5dd4cc5162f34c42"
426,"negative","XR06fd8a77bb7b94bf0a8adf12a7ecd9a6","SMb3e965b714600ba8e0ffb47ef7945738"
427,"positive","XRcfd16ea84d14b26bc0190efb02707e53","SM8c6823200c4d0e363171a86b802344e4"
428,"positive","XRabdc0bdf48b399fa6a49c76e6b506716","SM8ef79bae5fa997958d59b63928b7def2"
429,"positive","XRf2d4a0f251d9efeb878c5ef6b185e896","SMde70acdc937322ed7650fe9d507c4fe9"
430,"positive","XR2bbb2345ec224142f9a0d0cab54bf7bc","SMedb78be35500cd68f33a80fc30840c2e"
431,"positive","XR95d32aacf85ac784996ec8c12d93eb98","SMc805319ab5bc49673ea835f70e1c9422"
432,"positive","XR5b6c1d1971e91dc735d56bbdd2b27b58","SM8715a01b65f1f5ba845250a123e64e98"
433,"positive","XRd4fe622c4ce50ae24dd0ad9793368ed7","SMf16b5ed82173f81dc10bb5afa15a0774"
434,"negative","XRf6174e8c61097baec3e77e57ff6debc7","SM64ed561b9d934628a6935950b0c3dc69"
435,"negative","XRb35da835e7b006af4dad329a18953408","SMc491f45495feb321092cf691364c7ea3"
436,"negative","XR8239ac984f3866c388494c2bb2967a6b","SM4deef418396f7829e6d40bf73fd2501e"
437,"negative","XRefb8145f0a562a58555282b6a9bbe20e","SM6116ce0d35b6aa44ccefe1dbc9dbbab0"
438,"positive","XRb7bd6e16f467ca134bb082221d77ed8a","SM6944e2cd35fb49d460661559a8089938"
439,"negative","XR49440f22474228d2fad0895f5570c36d","SMb13063292615a7577feed3a61810916b"
440,"negative","XR18bdb9c4b4f2a655370516acd2948111","SM2db5f82d87c68e3f0bd64fb10b5515bf"
441,"negative","XR2dca3ff24c964435a6408f065ea0c762","SMed3f345f121425357510942c77382aca"
442,"negative","XRc1519a56f40299084d80963ab8e3ebc6","SMa243ce28dd9fd1c113f9c9dc9d808aca"
443,"negative","XR88c5a565515f8411f954182911b47431","SM03e4bb445e6cfd81f63e0a23baaab32d"
444,"negative","XR0c6445bfa5585adbc1af8cd17074bbff","SM4b451c50db69b2f00b706e83e70fe77b"
445,"neutral","XR1b02067242ceac1ef602a8f441360489","SM7d0fdc838da037dbae4f7e2d13078da7"
446,"negative","XR4d78206e5146cbb542f74ff3041a65db","SMaaacfa3efe1de49e659ba9a0d47f6e2c"
447,"positive","XR7d9366c1c6b9067cada43d211df1dc39","SM892047c6ebe0e186a52f12373ca51a7c"
448,"positive","XR304bb93985857f5bac84846acd3b03b9","SM47a310d088239ecb5c61a5bcae7911c6"
449,"positive","XR03a422d5533f2a1532a575e0ec996a00","SM0c5026cd2d22f1e13a973ce7f849020b"
450,"neutral","XR63447dde2f68842a403610a766a70806","SM74873d0f5c7c2b3bd94c69ae32bf11fb"
451,"neutral","XR1e82fd8be22c38ca40489eb481dc8a59","SM30e0306d71935150bad07cd2be78cea4"
452,"neutral","XRf3c625ea7cce2c4df1ed28b639f522a2","SM5050b5202c3a149d951717f7543c7d9f"
453,"positive","XR0918868c796eb6bf933f6e1cafc3835c","SM76a2779896243b4f11854c5daaec48a1"
454,"negative","XR3a27ccec7d62026f5472c678b4d56fca","SM6f9dadd31c624c234ceed49e14b204d0"
455,"negative","XRab2f295c3e96a0fd078266300634ba86","SM416fd0bf51976e9b55ce166df81cb11c"
456,"positive","XRa0d47a13d37772abddd4b7c83060afc8","SMf1c9d0cdfc2e41f9d481e4f296a6df36"
457,"negative","XR6889dccc9c23dca95746e4843e7ea1e6","SM60cff28fab60027e497fc56513e28b6d"
458,"positive","XRceb5a8074719be51f62612de18ee7472","SMf8cd07acc410649471fffbb3bf5160d4"
459,"positive","XR36722c5a8a1b01ec1693e2f5600100cf","SM32491f1d5929604aeaa81acc6bb92086"
460,"neutral","XRe6df1dde9f04d33cb3b3e3ce5e57f271","MM840ae38d3f9f64b83e1cf863c530a65b"
461,"positive","XRd7a8a6c18cef7a4a92fb9f3de75d89dd","SMdcf9b241671026467933dc521fe1391a"
462,"negative","XR754c33b7ebd7a22ad3cae5016966bda4","SM0436b20e97df76ba12e1d77a17566e53"
463,"neutral","XR5677d06e940b815926f07573859b8091","SM686ace14b42f06ca261df6fe296534e5"
464,"positive","XRc2694d1d7b9789049fc931fa8edd3803","SMe8758e75a7a2e0aac9180da873b1cbf1"
465,"negative","XR8d347bc3c0d8f688cdd964642fad1a49","SM074d6231f71f00f42753e66b5d2d3387"
466,"positive","XR963559b6f759759ca041f5cfc2dd383a","SM7746451243810d52f3045a76464bb3ce"
467,"positive","XR85edaaacb85060b9ed0b8391aaad053c","SM60bacefd7cc4fd7cb924d7a54b7f84bd"
468,"positive","XRed3678620b68b3c182c63ef5640658ca","SM1c8fa10db7343a10c2c9ae890dc363e2"
469,"positive","XRa148b6621b27c71cb5efb2a0700c1d68","SM814da3449488dfef26c3c25dcbb4c882"
470,"negative","XR04963d2d0ddecd5c84e3f79ef63f27ac","SMc38b848d7cd132ba249ebc3b09cd0ba5"
471,"positive","XRfff7b16aa0ab55e24f8ef26e1a76689f","SMd5ffa80c35337f19cdea1cacefd3bbe3"
472,"negative","XRf4b095f53dd86fe5a06c59a07ecb8d47","SM87d8a958962b7f991592fed42d707037"
473,"neutral","XR16d45a541c30119a0b249931248ee5e8","SMd714bc8fa1a489adcf8fdbe077167e38"
474,"negative","XR54306c862f2e7efe50e66728fc6ece10","SMd06dc77a1fed6401f2860f4d79229d5b"
475,"positive","XRb69e6815aa31373fcb10e7f954b77fa4","SM387585935adf49b39d0de877b550e526"
476,"neutral","XR699dd92b4b8ac7072ece19a428019365","SM4966aff40e4d28da8a7e5a6cd9096acc"
477,"negative","XRcda575b4232d132089e7c0c0379c13d8","SM1ec8a861c291d01f86347b89c8721d2c"
478,"positive","XR8d1e97d856a0b1be10c3188c3d6d2c35","SM9f0e1988e6c4ec89bf0186160567d4e7"
480,"positive","XRd30f5feaecf428a4b7b9f879b5bc5312","SM623945c9b7029952ae333b2b96ecdc24"
483,"negative","XRa253a126a948fecdc382689a1fb31c59","SM2823d90eab649f692203483f500873ce"
484,"negative","XR980ba6ad67337cb7643f2dea50731b17","SMddad2f0f0b2f65236f51cabfd0fe33d1"
485,"neutral","XRf0273cbcf0406ddd2ecfc8445f89a308","SMb37842d63b6109b11f768b75a111f4aa"
486,"positive","XR41e15452a47e8794b7dc61b34f3df3b8","SMeaf7298fe83ecbc2f0f506d64fbfad06"
479,"positive","XRa221040220d244e8d304d5778e8dfd2c","SMcccb98439651e6bdaa502e8a03476565"
481,"negative","XR48b394ec25380eeb15cd4eda01eb0378","SM2b4e869ddb973cc6192671934746ae9b"
482,"negative","XR767907c2f48dc1b89f0ac403e1cae57b","SM5a091c5370cce2506f65edaf1264f5ad"
487,"positive","XR45252d9c3aed4761071f0700101e03c1","SMe7fa5a19dd18a91b4177ccee070a52cf"
488,"neutral","XR9a46b38bc2facb68b32ad3df531995f4","SM2ebec114a2547b4336fde6d3e9dbbd41"
489,"positive","XRe962c251f4926ec97572177842b41116","SM557304564d39002f27ceb5ff3422ec9d"
490,"positive","XR5e04b1f7788f25172f235ed16c9b9109","SM84ab39684847d276c9206118f0a8858d"
491,"positive","XR14788c585a191c6f84b68f6af92707fb","SMe326bbfabb0bad07d6d89f6b3e05fde3"
492,"negative","XRf4abd8b6999e223f87ad3b73be2511b4","SM66b4655c18d496204f7729ea7e1ec0bb"
493,"negative","XR35d0b585ebbd67dd8b08d17a9c5a5d77","SM9179cbaea223ca9d3a2789bcd0db9553"
494,"negative","XR464f2f7aa5defb87f07c3afba709f480","SM95aa8b6231dff79c1ff0dee9c2b75e93"
495,"positive","XRec6c98e6a2ff12c093580c084aae973a","SM154142fbffd74b84828dad30b271940b"
496,"positive","XRe06b63a32db0ae328a25fe7b272b067b","SMf1f88a7d6db16e0c5cf4811647075138"
497,"positive","XRef20ed21cb8b07a90fcfb14b68b785e0","SM93b10e2906490faee64744fa1426ca71"
498,"neutral","XR0a30d7e7d54b6d44d0c00ee366fb6d3c","SMa214d3cd0a26e59e0d048d13ab7974c4"
499,"neutral","XR0921a1364109ce76a4fc3ee2702016f6","SM32e82bd5d45e66086ba43d135f0e1d12"
500,"positive","XR3a0c68d539c2a40656e89eaa94106d00","SMebaf6a5a9602b9de29666d78bf9c82c4"
501,"neutral","XRd02837b332bd72853d639ad53905a440","SMd7ab4b45fe3fee5489d1fc70f5c5df1a"
502,"negative","XRc52eddb65d51dcd49b7b38bd0d18d88c","SM0249be99bedd47073c73a86dc3f36700"
503,"negative","XR31536e57611d0b837750eb607c324bc1","SMd5ff32c2e83d1b41cb3d10dd52d7dc74"
504,"neutral","XRc0611584706648c90771e252a7f37c40","SM529e66422fd0a53f36d440346c471c34"
505,"neutral","XR7004e89150a43f47ea6cc54aba0bdd32","SMd1ec4c2d162623055fadd783feb82a3e"
506,"positive","XR80e224bdb97c7b2766cd5791a1cba33f","SMeeca4ff9d15f0f9d5793686a4bbce9c6"
507,"positive","XR7066094cceea21e205a6300d3f332911","SMcfaa0d1e4c24fa1649b1fd5fcba105df"
508,"negative","XRe62e38d4ae769f6fd8983507c154b133","SM466315e3f77261b7636d2015784997ce"
509,"negative","XR3f1ab15355efb919987a2cf289aad5ba","SM271a546eab718d54dd89be321b97733d"
510,"neutral","XR9e4a2c91023dcc297e08b98cdc6fdd2c","SM60056a77da369bcd7a23838684f62468"
511,"neutral","XR31c8ffb2c057528e94b9a4773594e1f5","SM6dedf2fdbac392dc4bf3153c82bbeb5a"
512,"neutral","XR82d886ba95811e2f88d567505528f0d0","SM67411fc8bb5f93025cf4b4b332956d8f"
513,"neutral","XR84845ceb8b8f227a1d7133facb39277b","SM4f163ab3a16565cf1e8c184b2cba5133"
514,"neutral","XRdfe7bd3f4c9d2e387b1df7d320eec493","SM5142ed350958254be6e7a8760879c1e7"
515,"positive","XR7accd6f06b1be49e6ad6c0394804d535","SM6caa38aac10181314421978dc0a269cc"
516,"positive","XR2717c1bcafac15a18367ce5cbe44dc94","SMd512764d02fb2d4817f508b420de3db2"
517,"neutral","XRd46ec3e2f0ec3891eb2488a01f09bda0","SM97e0bb5d5254d87c1b91a90d49e94e99"
518,"positive","XR129637f7ada2870249a64ad4a39988c9","SMf9db01cb8882c8064aa4e476ca39f053"
519,"negative","XRbf4c89c10a3b7fd8332dcf34aa093501","SM77eacd16966c5d2870db4ef7d72fec93"
520,"negative","XRb53f942fcc23892ac561219e71eb36cd","SMfb5547fad2ecec937dbfcfee82737ce1"
521,"neutral","XR246b960c015d8d11aa6bbe0aaa1c6ccd","SM2ec304c664ad28babda34995f4f51f9c"
522,"negative","XR6b675e133036d72d6e93506da131cf52","SM5035ce0a0a1b5efbfc92b290e6fedbae"
523,"negative","XRc26225236db3c0f125bd4cb5f41bd0ea","SM225705805cd86130124c1a0b35b559e0"
524,"negative","XRc48149c23a52882514987704a0d7476b","SM042b978485a0601c03e40d74a960b45d"
525,"neutral","XR108ec18f49ac9344c0598bde29012cc3","SM85d004b195de1f43855f8850d4dfeebd"
526,"neutral","XRdd37d88f5a3852344f1d4b053469dd47","SM709068f06deb6de74c1ed5760046a175"
527,"negative","XR09059df1cf9c1b73f87f830d5cfe3ad4","SM5b52ed36a60bd334babd97aeb2375e5c"
528,"neutral","XR673cd37d2db4b197b0ac1d42a85e18b7","SMe28c58f06aa9640258094b3309e031b7"
529,"negative","XReaa13662658cc08d9622c368a61f24c8","SM4612c930bb3bb93751ceb95e370ac87b"
530,"negative","XR6fe5a9a75da7966e8fc6405d8d988d59","SMd6d1604cc727a0d3a8dcb0b24534ee7e"
531,"positive","XR4daa11283a047f37267a3ad3de7d1800","SMc4e9163580c4e44a96dd5a8e672def0e"
532,"negative","XR28ce35391b3466241f53673b4f5e0e1a","SM0eef70b849bf7378d41a192fec1a8279"
533,"positive","XRd63ef18e1e1bcc1abf67e582bcec8a96","SMd6cb8e0dd76a0e042289f970843b48b0"
534,"neutral","XRa0ec4b78163a2de659c8c9cee85dcf69","SM2dc39ab5ebd9a29a5dcf4af89b658b9a"
535,"negative","XR28f29ca977d5ab586c526acf4024e55c","SMd208e79d8cde99d4b79a454b590a0481"
536,"neutral","XR24f1d7d8d19d27a0698226c75824ed09","SM5270fd31f079f25c813cc54369d95a87"
537,"neutral","XR315df422ae72493053f67d768a654da5","SMcf7d1164965a8ad8775e2b7ea5a096d4"
538,"neutral","XR778eba1761d8afa0581181deeb76bb7f","SM6d6eee02b65d80f6879f533c7d176456"
539,"neutral","XR7d47b1bdda4ec8d03489c38a0a3d09fd","SMd7c1603076cd51c2a0afd33bebfc7ba7"
540,"positive","XR5f29fb90f2f4be3bcb74d1211763eeaf","SM25481fd0400891890cb910b4d87bf5c4"
541,"negative","XR70b7f6ec6b5eb225c9d4817bfb4456ff","SMdba80ec29c656ef1f54dd6d072b86c1c"
542,"negative","XRf888fdbd17d1be9a74b608fa22ee27f6","SM6787cc97ee0cd2c82a027828269cc2c2"
543,"negative","XR5c437ab18e67008042cc755b59ae7863","SM4656e2a59bea0c326b1ab1c8131860ee"
544,"negative","XRf79cfa8a4a7396be8e141bb27138582c","SM5a2d7c7c724e4d2ca6118a2b9d480643"
545,"neutral","XR6a7f6f38c0199a3e74fd5abee1cdd61c","SM140879af9e41e762e4db08d45d1bd5f6"
546,"negative","XRede5604f97bd8b20d4067e32bb873b22","SM7ff5616fde866b9d8245275d80ec4816"
547,"negative","XR2e060d1599566a75b7a399cac0abe7d2","SM8c59290f942948480f796a5c41b41fa2"
548,"positive","XR6a2c9175bdc470a2724589700916cd91","SMe18d5bcd7d64b25f850194525770f5a9"
549,"positive","XRc3d07c1f01c651e60ab8c4ae0871b255","SM8253617935bbbed3e6c183ac155ab97e"
550,"positive","XR88fa0354984ad0e72559a225347bb719","SM11c65ceb7f4644c384a8e3b6c0b4a594"
551,"negative","XR5d6040b25c2633dfb46c74f6130a6fff","SM5bc926c3e0abaa8b78433d5dd7bcb182"
552,"positive","XRd7eab7849eb8ebc05f493e04c6689503","SMfa84f67f7eefa0dcdeec3a03ac225b94"
553,"negative","XR683541a9ce9a17fe8981f14c148f33d6","SM5c7ab2de13e5c40409bd57272234d2fb"
554,"negative","XR5bc44f1c4d2ec0f3e5757a89965eff32","SM6dfb683dfb4de4fa10f7e1bb377c8dab"
556,"positive","XR15c0b3cd6d833c94254633fad5b0a930","SM557c2d1a14bf9f438cfba910a89616b7"
560,"neutral","XR4c3f82ec2d573f556487eb6ebd1c314b","SMb7111dcc494ccd87dc24554423ed0e40"
555,"positive","XR92997395ffd851a422f980a53958cf05","SM2aabce42ccf7451f1bf32666139c0a91"
557,"negative","XR3abec75daf8a8b64e272ff618399a665","SMa87b009f6cf402bbb78cf34a6b357f28"
558,"positive","XR3c4edc81e184abb057e84078d8d33b36","SMca5150ec9d4f1df8faf3743d2c583dbf"
559,"positive","XR66c0a22561b0401c68fe88d71754df91","SM16390543ba9d13ef62c5e7d62bd9191e"
561,"negative","XR7f8e7a1b2016d73f24c5ae928c895307","SM9b67e81f7ea11fb3bcc9ec15fc30ce95"
562,"negative","XRa2c8cd8ce4c71df106e6413cf406c6ac","SMdccfb251cd7356f7b4d6678fe1144143"
563,"positive","XR2797a08daddcd9c4ebe9f5009bece5e7","SM8d6523dfb7577b96257b070516b84b35"
564,"positive","XRae601f8d7a35b4e2100597a547ef410a","SM95ad1f26fd0b1b92666097b337915e40"
565,"positive","XR7ddabf12ced96eef70820ba51a556b59","SM547d89238b5454382929a56a80cf44c7"
566,"neutral","XR8a47dad02cda50b31fd3ca52ee4f31ee","SM89dff7d05894feda108a037cf84b6996"
567,"positive","XR9434545a119aa9983ee19dc483b86f1c","SM806c1b93a31f3f309238b4f4cb3dc278"
568,"neutral","XR7b0cbd60c773ee8ab578b7ee8eaf0367","SM57a3ebf03833e98b235b00ed97403886"
569,"positive","XRcbd47c1ed2fd1e409b7be1ca59bbf256","SMebee23c2c0bd0096298c8d1913fe54ba"
570,"negative","XRec0cbd7ea1f9556b2cc0334184c78e4e","SM7856de1811163ff27dd44f30f9fa5a25"
571,"negative","XR08a4f004827d4c0c9fa553ac8639c1a8","SM93fdfc03cac70659e64f31187e6b4a28"
572,"negative","XR0ee108f6d8132cd01e829d3ffd45d016","SM8f0c38c16b1381d51a3c393e8714e25d"
573,"neutral","XRf966895379b59d427b97b0e6a06b3765","SM0233af56c8652cf8700233b7359cf549"
574,"negative","XR64992dcd7ab0af1a21e2eb99e35f8c9e","SMfa3141a1d119a7e92a57eb9b1ccb4415"
575,"positive","XRbcae990a698c736c239cbc6f471f39af","SMf28ffbcc4221cf82a3fb3d45717349da"
576,"positive","XR83b92a223d94c630ecff8fc2964ffd03","SM9ffe4a0c262fbb7b3ee1f36a74388696"
577,"positive","XRbda29f9574e9227292ca2e012c78608b","SMcb80d4a518b6225ced69cc6db5393bd5"
578,"positive","XR5aee4cd5a0ab9626a95a327dd594e327","SMe58c83d0205d581cad70e3c2125742a4"
579,"neutral","XR581551bae0139851d5075ab08a2192f8","SM3ab2f158e87592a0c192433747fc9eb4"
580,"positive","XR398b382bd316dab9513a041edd154fd7","SM7184efb7e401a91c11ee217df3b15778"
581,"neutral","XR0f8e2a03313ceefe42bd5e664c893e0c","SM4e1669491ce05af53ab04c3ee2e12209"
582,"negative","XRa287a5f250ae227761b6c3e6f434e3fb","SM98f4ea9f437d2eb006e1d6ec33335691"
583,"negative","XR3831c60f94bef5b9044200579bf22822","SMadb0164fdc87219fd729ed7c6e623eca"
584,"positive","XRbad444aec250a0bc326640ff3219fecd","SM3bffccae1a25abc33ddbd8e6c64bdecc"
585,"negative","XRf47be34c1b3dac8dc37c63d94ea4393a","SMbe0624ac590e2b87ba9f4c710b1d35af"
586,"positive","XR95d4d3cc45079e19d2845baf11f95b97","SM2762a49058ea2aedaf2c4845437dbe07"
587,"neutral","XR624d346662c4b706a71e235a34d55aab","SMbc71a34ccb442530179448f539dda01d"
588,"negative","XRa524eba6dced144b4c09d49d54fcc7c3","SMc5411803995b53f8632f07f2a1d6841c"
589,"positive","XRcebf4e554fb62d33c8b443817a53bb66","SM9d780ab3b170c89d2b5b67268a6e0464"
590,"neutral","XRbff04f89c7bfb194f647ab12ca20c63d","SMa0538acf2342f8b8b2b78450189ebafe"
591,"positive","XR420fd1054da7f57f260f8976a2decc10","SMd8ee660653b2675e5b8000c0e4137e78"
592,"negative","XR9e0b17729b9a36e021e728964f95eb2d","SM208717b43ef6556bc686ad2d730935b3"
593,"negative","XRf10e56819bc246cea30c9662cfb66644","SM3b8d9870780e7eb7236993c9e856b92a"
594,"neutral","XR2a980dbbb856d206efdeb7ebffbaeb33","SM239e9f548dfd88c7ae6234c6267e2838"
595,"positive","XRf5c46006a690059df40f7e38ade420c7","SMdb80092887f884f4fe3b17e3a5bab6ab"
596,"negative","XRbb32277a9696800fbabc566c0335eddd","SM3035bb0aa9e3bfb2e36a6c673fc6cda3"
597,"positive","XRcaf3da5851d794cbb99bfccf8c3151ff","SM55dc2fa5f8d12a650b70cce1f32e64cf"
598,"positive","XR6cf3ba675801999f1c66590c3ada0914","SM37bd9686f230d64f80825404ab4e3461"
599,"negative","XR4ba289610cdb99444fa7cde56e1eb35d","SM677e1f739d049b6d19031d9c331832ff"
600,"neutral","XR1ba3a12754d6678a4ee2959143af2b07","SM457df1816b99fb778949e51df7f6521c"
601,"negative","XRca0b33f075c59c3da80a9543c57f72c2","SM71915a609d3d823269433cadde31f9b4"
602,"negative","XR927d6d93c7470d489ea669628fc7b034","SM3fa5fbb49fe8b458d9cd4886f2a15d5e"
603,"neutral","XR26fb86b79c7116f37f007d4575942d3c","SM9fc7323fec9873b80dbc54456e63e6b9"
604,"positive","XR3d557a8d94b147508cef3596b347c5f7","SM568e7ae44604b0d32317039230a8726a"
605,"negative","XRdf31df1021557a2372675336d8cf11c9","SMdca4852fe79c26e56ea3ff4538344435"
606,"negative","XR8e2923475b9010b384ea2d14d6cbf045","SMbc783cd28dd0d21ffd04dbfb89b4db08"
607,"negative","XR4eae188435b14ef5dd682cc99f8a7ab0","SM139376d353b71d15d1984cf4a6a0fef9"
608,"positive","XR342cf17a626952afa10976255e522efe","SM22acb33b3951ef21a60f6240c2e46e20"
609,"neutral","XRff994bedbba9d525d40833c555de6ec9","SM72bb3b41e714974c73da1d0bca8bdbd2"
610,"negative","XR93efb3f0b8119411a2aeb70cf9005bee","SMcdadb8560dbb0fb0c92dc476e2a76c44"
611,"positive","XR505cd27373dbeb9430cc61ff5f9328eb","SMb036b65c89d9d97e3d7a64811c3dae8c"
612,"negative","XRdb302771826591385228dbfd11a6fb60","SM57b38a5c9db6632b292d821ceed936fc"
613,"positive","XRae6ec61df78990771d8208ff59e433c5","SMae64ea0911144fba8690cd8ef011a106"
614,"negative","XR015926a1818c3fbe14461889029f3e14","SM792c771e2b0067a2405c75f04d95ebea"
615,"negative","XR126d2ff0c6f056931c1b106729ec629e","SM00281606fefc7d0dd41f2c5988d71088"
616,"negative","XRea11a287be6313a7a9b53b67e7525115","SMae83a29a2b0ec0d46a76a3efb8885d38"
617,"negative","XR6d27eb4e22a28cf273aeac5620894327","SM3e69fdb57376efc2791f04ddda7a2a66"
618,"positive","XR20f928673591e0cbc031e296c793aaba","SM66381db199be939f76ce141d1b24601c"
619,"positive","XR1e305aebb31ac8600a35c7977a72ad36","SMa1ea68c7a02eaa6105f24f063ebbe096"
620,"neutral","XR16e2c30c93b3a9439204a555707977e9","SMa207f993a2ff96872d6776ee734af936"
621,"negative","XR8ba53e00e37d8721413303c5133b64af","SMf0c813b9e502a93c9ae79026ff515358"
622,"neutral","XR34fa5e2dd2e11e36d98d04c0cd50f23a","SM19d3f8e546f6ec354617650f66341585"
623,"negative","XRa353222c0e59c9b78389078df2d2cf37","SMaee60fab9ef6dbb055601867297bf1ad"
624,"positive","XR3935e02dbac1edc78048ffa00c8e8eda","SM33c2d33850e72b3e70d6ad499b4b09c8"
625,"neutral","XRcc890792340b2684622bb0051fd9c463","SM35b337114456bca596672ad192e02100"
626,"negative","XR9b57fca9e0abb5458d8a08b286ceebe9","SM79cd0c0ad21f25c9dfe76df5b60dda65"
627,"positive","XR8fb8f8aba3d6f4ecda8157ef8e68a758","SMb78601f185a91f668944c50ebf25c34d"
628,"negative","XRe6033a7ff14c2598f2e79b33b9dc654e","SM4f53cd6eb81d0ae833e654ac44149288"
631,"positive","XR4dfe8edfb34fe20721a2507384994636","SM14182fc4a7d89761b525f8d1550bc2a9"
632,"positive","XRedd6fd3ec703a50179b391afae629246","SMdcec61a6045f97ba58f57682a5132019"
633,"neutral","XRe279c2e5bef61d988073f0566214c8a9","SMa77187d9835d51b61f4b80ab089b3ec2"
635,"negative","XR14b21eaddefc07e919406c201254b9ad","SM5569804409e2e6bd3ad6d519e20ba5c5"
629,"neutral","XR29799200fbbc28d9c8452ded90f4e3b8","SMf1952125a961b7a8a145053b316dc7cd"
630,"negative","XRe6c978bd7fab8874c3c6c6daf123c4cd","SM3186fc438a84760f46ffce9c45719dd3"
634,"negative","XRd8abe750d221705a7797fd48ce907819","SM8bda3b42b2532943b3759db20d8ca221"
636,"positive","XR667a59843cd636e9abeeb3999d4e6e6e","SMab257ad4b0cf06a003a34315685b8a71"
637,"positive","XR303bd83e3d2fe9c178172ede45156787","SMaa04413f8970ce552e4c781afe46594d"
638,"negative","XRc205b5c48413824fcfe8aabcb7bb55a9","SM2788ace9442c7fe6ddf9884a110a951b"
639,"positive","XReb6c0b7618af6840abf8dfdd4f6841bc","SM9739e8aad546a15d0517d192d416f1a3"
640,"positive","XR5cb0133085c57a335875e457b2ebb807","SM5271f9f93364a34947dc2e43c525ea92"
641,"neutral","XR4eee996230f479f04ebeba583d9d9bc6","SM506a583273c7561f1079e97aea5b64da"
642,"positive","XR09052d71006a7ade29422868a6b34af7","SM60a4bdf4abadc23a6d91d375506d90ce"
643,"positive","XR44c5fc9f11f858797a843d7b57cc1d8e","SM2cd54fba9f6c4b507d8e8200d4ca5373"
644,"negative","XRc1e6ea47d43ad3735f65510123d15967","SM4d4fd78a4776f717c69ed6ea24e3b0d5"
645,"positive","XR9b5a6c71e25edf2c4237d71e82e2c1ad","SMb8fee0caa0283d93dd72f1021f0870bc"
646,"positive","XR476eabfef622c9fba9f755c7ca19de7e","SMaf78feca94f286c4af2571cd46e2803d"
647,"positive","XR158214d0323d5bf0c0fcd11c0fb41565","SM385cf9871a057d1ac2ff0863b2a29748"
648,"negative","XR2cfcd4b119940e693a9cd9759af0f230","SMb20adfe06094ec867e9c72baf658a247"
649,"positive","XR484e0242d24e1fed24765da9db3fadcd","SM1646a8dd9d521be368812d58379ec6bb"
650,"negative","XR1c810c7dfe6dc394b0c7411596e0627a","SM9d39c7f5beff4c2a9ee6e43aa56ef64c"
651,"neutral","XR6b954feae3ee98fdb6079f8007eccee6","SM1e83dd1d9c7e11ad5786b88f52af660e"
652,"neutral","XR367c997a181825eae1bbce1af474d10b","SM9cb676efa3a81dd1de08c7cadf532830"
653,"neutral","XR0ebf4c245f96647feb2bd9a62960af90","SM98ffe5c53e5f2cd63ef3bfbcc2ced433"
654,"positive","XR3e359f1dc96d963c1aa203718ce92255","SM8d78710b4044f9996aea8cb270695864"
655,"negative","XR54bfb5642de651671f8ad3d303f6efb7","SM308126bb0250e3fa1d136328428b89c1"
656,"neutral","XR709f4fe6d38da04d3d0557b872560f63","SM3cfdc750eacc8496860ca2ecf174f8e3"
657,"positive","XR1ad95ef695bcbb53924cb23a2a51eef7","SMdfdcab2343e347f29741204d1a18ce3a"
658,"positive","XR0752bd6e199413f758cace314f8441cc","SMf5344cc5f379bde96439d1f0b1592a77"
659,"positive","XR73c0c5102c06a86d78d4d9157d996d7f","SMeaf714e6a96684b79d09fe32747ebdf1"
660,"positive","XR9b35c8ce5c4e6caa4f7504dda1f765f9","SM8023436982ee2a18765ee6a28c5f1e7d"
661,"negative","XR92afc63f5dcc2a650aff6cb66b90a2c2","SM05320abb77f3898582d20974f1cdcef5"
662,"negative","XRd0cf433a330b92bed4de2c030cbffa89","SM4a06a24ae4f7c04a47c68a9cb28720a0"
663,"neutral","XRd13298a8a94f09db61ed0438fef64128","SM16f8915e5fce3c9c5b4183780984b849"
664,"negative","XRc00fd30ba48a26dca9e20e0a7678dc96","SMae408cbde0357eb71e3e4d523b767df2"
665,"negative","XR0a5833fe82a048ee7e2336dcf96930d1","SM3783b0f653360f049686b165d44dd74b"
666,"positive","XRd16925593aa84b894117fc97bead6482","SMc855c46ef56a62e40d5d107c461da647"
667,"negative","XR57e3de4382b1373a0430a5c3cda8520a","SMf9544030aa037f70eaca278dcb593193"
668,"neutral","XRd2ca9442f5fc6fb81d6634453bb0c17c","SM39942631cf996791c2ea3273d03ecc73"
669,"positive","XR93988c92c219961841d3c945f5d904bc","SMaa044535294db05481dd7107cf4e6a99"
670,"positive","XRf8bcf62f33084bcf3246845554d3936e","SM0039c71f31584c895a9bfb6c01e0b48f"
671,"positive","XRde44e8ed1e24249f956619be624d6354","SM7688f181a719070178b321b22f19c05b"
672,"negative","XRae27d8798cb28956635aaf28712b8970","SM3dd9f3f3a1e3e7381f71b0cf5a37c8c9"
673,"positive","XR95b23ceb05bac6340dca25a6322b11f9","SM9e44ecdf8541fab71a96fea6a683ecce"
674,"negative","XRa35b86cc602904ddb365d02435abfbdf","SMc4dae8a596ad0d9096338c1c38a62f6f"
675,"negative","XR638b4377948cad4fefea323669ad09e7","SMb22f6d775b5dff8d065d31f88fa12547"
676,"neutral","XR069e462e6c0f0345d13ae38a9a07a1ba","SMb5bf1c7e14b3a099552b3338cd616e8b"
677,"positive","XR4c2c0a6dcad8edf51fec940b63cfc200","SMdfe6136b727a248cd7ca3cb0c1049765"
678,"positive","XR92e48e02bd8c91fc11c6740df1b414d8","SMb213285bf2b3de89d813e2f0ec724534"
679,"neutral","XR178f9d4ec6ba4d02067a0b1c80882255","SM6bc4b7527f423d749fc3d676d57661a8"
680,"positive","XRf6e2013e6b65550e48ce63cd0b5a0262","SMd4aae782b29c09800b88ccb0082c94f2"
681,"positive","XRc9f5afb522baf0d8fda946ac4f3b061b","SM3efbe85519b20caf1d06965d9045a706"
682,"positive","XR448db2b66e61323e60ce6b97d26dee30","SMf9d3bc579b102f199a0794d6a0058da5"
683,"positive","XR29550a3563950d78e9aaae5f4e059818","SM67af3c3cc102428f9659a28aa94a7b58"
684,"positive","XR0530a6837f29c9a381225b299f99f3d5","SMfb33eae1746cd5b03856892bf794d28d"
685,"neutral","XR161c2f7cab6674c1e97f6d1ecefa728a","SM82f75409747cb2edbb58b3f558f24359"
686,"positive","XR7236e291ecb0d020fd7223e3c05e5236","SMda65fc4ef5a1476a354d0da2acf2b789"
687,"positive","XR208e54c8f92ba7be9d72679601b88f46","SMd00d9ef766db56907a88b7d5c1766da3"
688,"positive","XR7837bd846af470e71c0e83d2e4dcd712","SMc6cc02af8ffda9931c44d8b4e45af385"
689,"negative","XRe1ab8e440cde26080760d0d93d5d7782","SM6c8fc487b35fedb4b08b55b6621df3e6"
690,"positive","XRea6c2ce08adc312799de7a524b166dd3","SM5e7f2031aa9ab4af0244495ce05090cc"
691,"positive","XRe7e39e189d80e73545bbaa2797a7a353","SMbc665abbfd6689cb1b92bf68e6ff7106"
692,"negative","XRb6caf4671f0dacaa43fdcd60eb4e111e","SMa5418e90a83b95b7efc29d0918ddaffe"
693,"negative","XRe156fdba1f027e6fcdbe4550be85b919","SM86823af5c196c0b1c8e31c8b3ce7bd13"
694,"negative","XRd532ad7340cd7e552b0c53660a2bf1fc","SM0d0422454ef1d949e712b6f4495f28a9"
695,"positive","XR5b416566aa91a366b1f250341653206a","SMe395f7adf82bfc6d4bd04538af5e5271"
696,"neutral","XR96c33136892c8cc369f28e8e5ab9e34a","SM1fb05f6055e42e036d63a431e88fe4e6"
697,"positive","XR59daaa083690b0f25101267635627e45","SMaf84ac6bcd295c9065d7bf5a2f2d5d36"
698,"negative","XR102640054cd7798dee81ddb1a3b37feb","SM3ea696f7fbee31df4b99c977d2bc3e8e"
699,"positive","XRef49fc51ead1e4ee295cbee8dce8e5e8","SMf0bbd5871b002cda70e8974b8ab66cf3"
700,"neutral","XR8171666017c2a31599d855186ef7dc67","SM78e0340a5a66dc8612bf92efe42087db"
701,"negative","XR1996e578ebc5ddc1bec06d3b2bf936bc","SMece435cc619dc0b4575f6aeac5bcb0bc"
702,"negative","XRd7d674703b1ab74d92255fd744cb4b50","SMe3deabf9fdd75ba1a54ae31b235a3130"
703,"negative","XRfce1fb44a26ec15408516646878658ce","SM52ff37fab200048a8a7e08f2d4acd18e"
705,"positive","XRcc7c6310e3962a5d1db7222a871942ab","SM375bbf7d21dbf16bec778cf7f6b7dc32"
706,"negative","XR4c831e5e609077b545f9c206ffb42dfd","SMac7340449521b7cbb0ef50938c87dce9"
708,"negative","XR6a354c50e2e15114cb0bc227d574abc5","SM9bfc7a395775174246e20b8528e0548b"
711,"negative","XR156af77844c58b83e4c846c322b0119e","SM18d25483884bd24aa73edc1f89d7085e"
712,"neutral","XR51773d833d8cc6301dc7d8974aea8606","SMeeabe65b1198d42b9238c165d5f20fa8"
714,"positive","XR2a8e1a95906d3adcb2c61be235638d53","SMa052885528ea3919be3ee63ef89795ca"
716,"positive","XR6f228ec6bf3afb4951be2bdb5e2e635d","SM1e6791051a40abcb29133370f3645821"
721,"positive","XRfb9872ee7bf742fbe6b85734fe629c44","SM1ec6732dc1ccb6fd66e96fa782f79194"
723,"neutral","XR0fdc0f5635cd66926100fc639a4af3cc","SM0650c0edaca2a24f0eb13075875baf0f"
704,"positive","XRd617af19e8b79fe1a62b180d2c6a67e0","SM5c795a79490516197244e9ce2af7f9f5"
707,"positive","XR900078b295637081340dfbe627aa8fe9","SM39473c1ee8144e1abddcc7f752df1af9"
709,"negative","XRf3ce40bb9ee50728243b7e3da9f9c170","SM89ae42688315665f70ffc07933350fb2"
710,"neutral","XR0ffbc952d33d6a9a8ce94fbf99122f00","SM61e465aef53c744b8fa580158e419735"
713,"positive","XRad43729f334d9b81815da5b4fbcc0a94","SM1cc8b9d65d732d55418426f9d9f98de4"
715,"neutral","XRf9385f14ca3f1a6eb876504e111ec72f","SMfc803becebb2020d733aa5847bf8c57a"
717,"negative","XRa016b4d2c9e6267a2da9fb2613c1d583","SM04aa0f698bc198ff4c28f03c564610a2"
718,"negative","XR60644c6441e1c80377c3c1eddbeee7ee","SM4dd21d6e659cfcfa63740158a90b6fef"
719,"positive","XRc13844cfda3ef5ae68cb5993815100cd","SM4cc2f9f6dcf89274cdd7dabf2ee881cd"
720,"neutral","XR223d486a7f8679a6b5741ac89ae8c140","SM98c318e72268a530dbb309f9bf0b7890"
722,"positive","XR54001823f1c4e72480baa063abfdb5a0","SM1c4c7aa6c8d3fead41e26e8ef046c622"
724,"positive","XR2f6d433668df0cbb8a21d026dae59b4d","SMaa62b046c61205713c47edf0f6fb9e5d"
725,"negative","XR19dc6c719666b15a56d6b60a9a322402","SM17e9897e3bf98bbfe577f105cd98447c"
726,"positive","XRa2b9956262ba9392dd58695c7ffe2702","SM16d7b471baa774f95f02cbd62e16f285"
727,"neutral","XRd46d0e33a6195e7ca620808be2d2d70a","SMd130ccf23bec367cd6a15c507540fba0"
728,"positive","XRd359ef9bc10c7a8e681ecbf6740ac592","SM37bf0464b36c81eb1d9144ed7f1b7d4d"
729,"negative","XR1c70099f5a61504723966862230d00f0","SM2062e11d6d376ef33f5cfd96b8774423"
730,"negative","XRb9d2e60519db3ff0c9a43e47821baf6a","SMee1cc12a48a25760e8a8627e6fe9e500"
731,"positive","XRf332c0129bfca7de0978f3b351d4b02f","SMe727829ce2f50a49df03ab4fadb5cccb"
732,"negative","XRb38470872069a901063fffd41149d8e9","SMe7849239e1708516cd8ef2f28afa65f8"
733,"positive","XR0b41e46232ae6f04830435fa319ae2d4","SMe0969f9970dd2c3867163b30adb04cb8"
734,"negative","XR35130dc506aa177da52631b7a5e8d7cd","SM286403fd9118cb9e18d0c426829a9759"
735,"negative","XR9e4015e976546a6e4883ceed5b9e1b1d","SMacadcb05d60abebbae22788125fc3537"
736,"neutral","XR7a72a1618326b907b388177db954b547","SMe60770b19e65a5b094e636b34c4b10b1"
737,"negative","XRa9fbd141770eca7a6c91aab4ab27dcfb","SMd4536f02d758f84ddcc26c2bb0c6c090"
738,"negative","XR90b0371f609691458780a25ca29f33bd","SM87e93a4dc51f5b049d6f636619a16c9a"
739,"negative","XR7c2d823f4bfd78bbc534490795c06cd6","SMa927a189dcb217268e9b776b44b6d5df"
740,"negative","XRf0bb93c38e7aeecb14d13bad6983ef0c","SMd9575e856c202edebc4531bdc26fb5e2"
741,"neutral","XRc174e5e010104b945c3344db961ac12b","SMc4d035184759ca02413665e5f0abfe98"
742,"neutral","XR5ef55f9ae1bfbedb62e8ef6d198cb17c","SMa6d8ff826febec4a959a7583741a047d"
743,"negative","XR20433d5d2ccd9aba7991b9cc54eca027","MM9bef2e04082bb97adf6fdcc433a2d0df"
744,"neutral","XR504de8b2e841be31135aa49c493ce3de","SM4b978f09cd7562f744b323b54c1c247e"
745,"positive","XR1fbf9b3135604fe67b6adedbef79004f","SMda83701bcc82b5e38841c092a698c1b1"
746,"neutral","XRda2badd5cb4b516c93af33c8d9fb21ab","SM986b0668014a4d6163f4332bce046424"
747,"positive","XR5f7e5d072f7fd3c3e28288ab2fecbba4","SM9f36160543fadbb2bb7f326190ab1227"
748,"positive","XRd523b46d8e2404e800e32ba3b9364493","SMfebd5fd15f4f13fc0ed0676509239d54"
749,"negative","XRe3f20976118dff0283c667ef61da3d5d","SM4d261263a287034dfa498c3871843435"
750,"neutral","XRdd8a1959affbff0e734e19fc79854fe5","SMf08934a885ca6a5af39ef01e54d9baeb"
751,"negative","XRde8e2585b828af591330a5bb7bdaf1a7","SM1cc4fbcb8ed3d381b71ac44a691e906d"
752,"negative","XR52c80a36b979ae1273fda8bb6754ca3d","SM2fe7956970e4f7a0d8a4efcfe64bc91b"
753,"negative","XRa466a3abced92d88d240d3efdc3b2cb6","SM952cc1bf33640479bdc18e77447584a5"
754,"negative","XR7d579cfc66aaf18b20557cf0dfd3da5e","SMb12fde02568857c0addee544ad254dd9"
755,"positive","XR63f2f2701f4e167ed29026488157f413","SM6d276349b38fedee386c9ce76cfef689"
756,"positive","XR5746637c7c8b5dd2eba5565157ad0284","SMe93c5ac9f25a1375496de9008d7b98be"
757,"negative","XR5f03223f6e9e1eeea5ca8e1642686be1","SMd9ce2bfd332575ef3a79e697ab566a4f"
758,"neutral","XR6adb62a1519df0c2a579d3b39b53c5cd","SM3f65509e0cbefcb222f9f969aa6d6a94"
759,"neutral","XRda5d24a4f372cc60e6ccabc9da2cd066","SMeb9faa20f6a00d9abfc40bb1598cf901"
760,"negative","XR1498aa7f1033e4c8caad6af4803046ec","SM7b03362799c019612292f84d4cfc49fb"
761,"positive","XR708005a2a32521a0e541691ce451b464","SM7ff1f3dc0602ca0cea1875f28a7cd34b"
762,"negative","XR50c74cd08a6ed1167f3c6ed6adc9982c","SMa2fdbc1a01a667fb175d7eb2e6a8c7d6"
763,"positive","XR877b6bc148027b33c77719aec251a7b3","SM443ecada25e8e98b0317605490271d38"
764,"positive","XR5002074c12aa876ff0c54c7ff8a1d922","SMa103a15d0b66b18995cc1f55b8c1b46b"
765,"positive","XRe6c4f5c978019c8e45ee3135392f0ddd","SM5f994e63b43b5c542b4b7f7f7c745add"
766,"positive","XR840a8137b5bc97cdf8afe0b28f0c5e5c","SMcc651b2050aec03f2981473b8d0caba7"
767,"neutral","XR3587ee0f26fa6e569558c289d320da6a","SM20de2c07b21f710fe0ffc9b727f4149a"
768,"positive","XR682a9d7a3935852f54512bafcd99b0e4","SM82dd7e465b5780a62e4aae8e96d47e6e"
769,"negative","XR8aea6a020d7ca82784ec0b2ac3863329","SM980be2deaa41b85cc03cfd534985d8d2"
770,"negative","XRd6e3d4a045914b92203bfb59d5967dad","SM4dadf9848a2061afe334c300c832cfdd"
771,"neutral","XRe5f501d2cafb3842bc26601eaced62fd","SMc9e8b5ca917ccf7cf820415414dd6d42"
